"Sample    : euf3_34704_8p",
"Operator  : americo",
"Comment  : euf3_46.5micromatter",
"Group     : kerr2007ag180cal_lt",
"Date       : 2018-04-03 15:50:13",
"",
"Mesurement Condition",
"------------------------------------------------------------------------------------",
"Instrument : 700HS2   Atmosphere : Vac.   Collimator : 10(mm)   Spin : No",
"------------------------------------------------------------------------------------",
"Analyte               TG kV   uA      FI Acq.(keV)  Anal.(keV)  Time(sec)     DT(%)",
"------------------------------------------------------------------------------------",
"Na                    Rh 50  457-Auto Al  0 - 20    0.8 - 1.2   Live -  180   16",
"",
"<Profile>",
"Channel_info_start",
"Channel : Na",
"Points : 2048",
"Range : 0.000000 - 20.480000",
"Step : 0.010000",
"Channel_info_end",
"0",
"0",
"0",
"0",
"0",
"0",
"0",
"0",
"0",
"0",
"0",
"0",
"0",
"0",
"0",
"0",
"0",
"0",
"0",
"0",
"0",
"0",
"0",
"0",
"0",
"0",
"0",
"1",
"0",
"2",
"12",
"37",
"29",
"28",
"22",
"28",
"27",
"22",
"26",
"15",
"25",
"30",
"18",
"15",
"27",
"25",
"17",
"19",
"23",
"25",
"17",
"20",
"26",
"16",
"22",
"18",
"18",
"24",
"19",
"25",
"23",
"15",
"18",
"32",
"24",
"22",
"23",
"21",
"19",
"25",
"18",
"19",
"28",
"20",
"18",
"19",
"16",
"25",
"20",
"22",
"18",
"26",
"27",
"39",
"38",
"34",
"38",
"30",
"40",
"47",
"45",
"37",
"44",
"32",
"31",
"32",
"31",
"26",
"24",
"27",
"32",
"30",
"32",
"39",
"42",
"45",
"55",
"53",
"86",
"115",
"130",
"189",
"209",
"244",
"241",
"281",
"310",
"296",
"307",
"286",
"229",
"203",
"182",
"161",
"133",
"132",
"85",
"113",
"103",
"103",
"118",
"126",
"123",
"150",
"170",
"161",
"160",
"154",
"119",
"139",
"106",
"104",
"84",
"91",
"70",
"72",
"58",
"66",
"81",
"79",
"70",
"77",
"58",
"70",
"69",
"61",
"68",
"75",
"68",
"82",
"88",
"109",
"162",
"186",
"262",
"393",
"540",
"663",
"795",
"1070",
"1176",
"1446",
"1611",
"1764",
"1746",
"1909",
"1617",
"1719",
"1446",
"1400",
"1127",
"1042",
"814",
"698",
"517",
"419",
"273",
"240",
"197",
"152",
"136",
"118",
"123",
"130",
"134",
"134",
"162",
"183",
"156",
"198",
"196",
"212",
"177",
"183",
"161",
"128",
"103",
"90",
"61",
"56",
"50",
"52",
"49",
"40",
"47",
"37",
"41",
"39",
"50",
"54",
"55",
"57",
"53",
"76",
"82",
"72",
"64",
"74",
"72",
"66",
"55",
"64",
"44",
"47",
"51",
"28",
"34",
"36",
"20",
"43",
"32",
"22",
"22",
"20",
"15",
"17",
"30",
"18",
"20",
"19",
"13",
"21",
"13",
"23",
"18",
"22",
"22",
"18",
"26",
"20",
"18",
"18",
"29",
"30",
"19",
"26",
"24",
"31",
"26",
"27",
"23",
"39",
"39",
"33",
"31",
"37",
"23",
"30",
"17",
"33",
"24",
"31",
"32",
"27",
"27",
"21",
"19",
"23",
"20",
"22",
"15",
"31",
"16",
"16",
"24",
"18",
"23",
"25",
"14",
"21",
"16",
"19",
"19",
"28",
"10",
"28",
"13",
"19",
"20",
"27",
"26",
"21",
"24",
"21",
"24",
"18",
"15",
"19",
"25",
"25",
"14",
"26",
"19",
"30",
"19",
"22",
"25",
"20",
"19",
"15",
"18",
"17",
"30",
"20",
"22",
"21",
"23",
"20",
"27",
"22",
"24",
"25",
"23",
"29",
"20",
"23",
"26",
"23",
"21",
"22",
"34",
"36",
"31",
"40",
"33",
"43",
"57",
"70",
"101",
"167",
"183",
"206",
"277",
"384",
"481",
"590",
"693",
"825",
"933",
"1047",
"1052",
"1130",
"1060",
"1052",
"947",
"942",
"707",
"636",
"544",
"460",
"313",
"247",
"165",
"164",
"105",
"99",
"94",
"61",
"73",
"75",
"59",
"72",
"70",
"93",
"76",
"90",
"95",
"116",
"92",
"145",
"131",
"146",
"182",
"158",
"184",
"191",
"173",
"189",
"164",
"166",
"126",
"125",
"107",
"118",
"83",
"99",
"69",
"60",
"49",
"53",
"49",
"51",
"53",
"39",
"47",
"45",
"42",
"48",
"45",
"36",
"54",
"58",
"48",
"54",
"49",
"45",
"53",
"58",
"65",
"67",
"42",
"72",
"65",
"59",
"68",
"74",
"77",
"81",
"77",
"76",
"72",
"80",
"65",
"73",
"86",
"65",
"71",
"74",
"74",
"70",
"79",
"69",
"67",
"83",
"75",
"94",
"69",
"79",
"75",
"83",
"67",
"91",
"77",
"79",
"90",
"75",
"61",
"59",
"73",
"90",
"63",
"86",
"68",
"71",
"67",
"65",
"66",
"73",
"56",
"60",
"51",
"69",
"69",
"71",
"55",
"76",
"64",
"76",
"65",
"82",
"63",
"76",
"66",
"78",
"68",
"95",
"80",
"103",
"83",
"114",
"140",
"154",
"187",
"197",
"212",
"256",
"287",
"334",
"316",
"351",
"339",
"331",
"328",
"332",
"303",
"288",
"260",
"242",
"201",
"196",
"171",
"140",
"140",
"130",
"112",
"103",
"99",
"93",
"93",
"94",
"68",
"92",
"93",
"94",
"93",
"94",
"95",
"107",
"97",
"96",
"77",
"98",
"84",
"105",
"102",
"91",
"105",
"94",
"105",
"111",
"108",
"107",
"104",
"102",
"108",
"128",
"155",
"160",
"187",
"254",
"319",
"391",
"479",
"671",
"848",
"1254",
"1504",
"1921",
"2338",
"2923",
"3500",
"4306",
"4519",
"5259",
"5523",
"6265",
"6134",
"6724",
"6488",
"6432",
"5939",
"5939",
"4957",
"4784",
"3963",
"3498",
"2826",
"2438",
"1918",
"1509",
"1199",
"940",
"579",
"557",
"418",
"358",
"203",
"193",
"201",
"176",
"143",
"164",
"138",
"149",
"120",
"126",
"136",
"155",
"125",
"133",
"135",
"147",
"139",
"147",
"157",
"141",
"140",
"182",
"177",
"190",
"233",
"243",
"329",
"437",
"477",
"617",
"782",
"1009",
"1121",
"1518",
"1687",
"2074",
"2290",
"2750",
"3014",
"3495",
"3522",
"3890",
"3855",
"4119",
"3934",
"3998",
"3793",
"3704",
"3283",
"3281",
"2674",
"2630",
"2232",
"2180",
"1753",
"1636",
"1359",
"1254",
"1076",
"984",
"838",
"768",
"647",
"600",
"527",
"468",
"446",
"447",
"408",
"458",
"490",
"522",
"539",
"637",
"726",
"891",
"902",
"979",
"994",
"1169",
"1117",
"1171",
"1067",
"1142",
"1090",
"1015",
"986",
"963",
"876",
"735",
"669",
"606",
"483",
"451",
"391",
"369",
"315",
"286",
"255",
"229",
"239",
"238",
"219",
"210",
"228",
"290",
"274",
"325",
"349",
"380",
"388",
"412",
"392",
"473",
"466",
"469",
"438",
"479",
"481",
"442",
"400",
"394",
"367",
"344",
"299",
"280",
"262",
"273",
"239",
"276",
"268",
"278",
"292",
"280",
"306",
"401",
"379",
"403",
"471",
"538",
"525",
"624",
"634",
"680",
"688",
"679",
"693",
"713",
"636",
"647",
"588",
"551",
"506",
"476",
"440",
"408",
"348",
"305",
"254",
"275",
"262",
"206",
"241",
"227",
"261",
"273",
"258",
"284",
"280",
"315",
"319",
"368",
"335",
"379",
"353",
"373",
"403",
"401",
"362",
"398",
"345",
"344",
"327",
"359",
"300",
"311",
"304",
"360",
"280",
"323",
"375",
"395",
"434",
"510",
"631",
"819",
"971",
"1120",
"1360",
"1777",
"1917",
"2525",
"2987",
"3467",
"3760",
"4212",
"4781",
"5328",
"5560",
"6236",
"6358",
"6805",
"6486",
"6688",
"6566",
"6571",
"5845",
"5771",
"5270",
"4948",
"4118",
"3808",
"3320",
"2790",
"2283",
"2043",
"1555",
"1333",
"1036",
"898",
"676",
"540",
"417",
"409",
"359",
"322",
"269",
"272",
"265",
"265",
"224",
"280",
"233",
"263",
"243",
"237",
"227",
"245",
"219",
"238",
"228",
"256",
"178",
"184",
"206",
"210",
"200",
"216",
"200",
"196",
"230",
"193",
"199",
"227",
"192",
"198",
"193",
"215",
"151",
"159",
"163",
"189",
"167",
"172",
"173",
"159",
"141",
"139",
"135",
"153",
"139",
"160",
"130",
"175",
"140",
"134",
"137",
"137",
"130",
"154",
"154",
"146",
"158",
"157",
"137",
"152",
"142",
"151",
"170",
"177",
"174",
"183",
"192",
"176",
"238",
"214",
"250",
"299",
"312",
"355",
"370",
"437",
"488",
"581",
"635",
"791",
"823",
"963",
"1078",
"1270",
"1311",
"1623",
"1864",
"2010",
"2201",
"2575",
"2659",
"3015",
"3045",
"3296",
"3462",
"3757",
"3624",
"3765",
"3714",
"3823",
"3570",
"3653",
"3275",
"3196",
"2875",
"2766",
"2467",
"2360",
"2099",
"1893",
"1796",
"1673",
"1506",
"1434",
"1377",
"1251",
"1157",
"1157",
"1207",
"1217",
"1174",
"1227",
"1239",
"1306",
"1249",
"1352",
"1254",
"1355",
"1273",
"1329",
"1232",
"1266",
"1112",
"1086",
"992",
"959",
"816",
"740",
"680",
"660",
"527",
"509",
"433",
"406",
"337",
"339",
"282",
"255",
"220",
"220",
"225",
"222",
"190",
"202",
"190",
"184",
"177",
"195",
"170",
"148",
"154",
"152",
"141",
"166",
"152",
"130",
"131",
"138",
"125",
"117",
"106",
"122",
"120",
"123",
"112",
"109",
"144",
"103",
"108",
"113",
"111",
"108",
"108",
"120",
"112",
"119",
"85",
"101",
"114",
"105",
"105",
"143",
"115",
"124",
"101",
"118",
"103",
"125",
"133",
"102",
"115",
"148",
"120",
"136",
"106",
"107",
"131",
"122",
"138",
"148",
"147",
"159",
"118",
"136",
"140",
"145",
"127",
"130",
"130",
"121",
"136",
"139",
"135",
"158",
"164",
"150",
"175",
"136",
"135",
"133",
"156",
"157",
"130",
"166",
"182",
"163",
"219",
"229",
"267",
"300",
"324",
"303",
"395",
"460",
"428",
"556",
"529",
"537",
"608",
"619",
"714",
"718",
"615",
"729",
"717",
"696",
"642",
"699",
"627",
"659",
"561",
"532",
"504",
"467",
"393",
"387",
"341",
"350",
"288",
"279",
"232",
"227",
"247",
"222",
"218",
"231",
"246",
"256",
"283",
"248",
"254",
"298",
"317",
"321",
"287",
"301",
"315",
"326",
"334",
"345",
"337",
"350",
"324",
"315",
"274",
"300",
"279",
"268",
"260",
"248",
"219",
"210",
"222",
"200",
"199",
"183",
"147",
"150",
"138",
"136",
"146",
"134",
"129",
"143",
"125",
"110",
"119",
"108",
"122",
"133",
"124",
"122",
"117",
"133",
"142",
"144",
"153",
"145",
"128",
"134",
"127",
"114",
"138",
"128",
"138",
"123",
"131",
"120",
"135",
"115",
"111",
"108",
"109",
"127",
"106",
"107",
"110",
"114",
"98",
"99",
"107",
"98",
"102",
"119",
"104",
"98",
"109",
"85",
"97",
"97",
"88",
"96",
"107",
"98",
"98",
"96",
"103",
"97",
"114",
"88",
"99",
"100",
"90",
"90",
"95",
"78",
"79",
"101",
"106",
"103",
"107",
"100",
"106",
"112",
"82",
"89",
"93",
"102",
"85",
"109",
"87",
"105",
"92",
"112",
"109",
"93",
"93",
"97",
"97",
"117",
"91",
"90",
"95",
"98",
"89",
"111",
"94",
"99",
"88",
"121",
"101",
"87",
"97",
"95",
"124",
"103",
"109",
"97",
"99",
"95",
"98",
"84",
"110",
"102",
"94",
"90",
"85",
"96",
"84",
"90",
"92",
"95",
"75",
"84",
"95",
"97",
"105",
"95",
"100",
"91",
"82",
"96",
"108",
"85",
"99",
"94",
"92",
"87",
"99",
"81",
"90",
"95",
"102",
"99",
"102",
"78",
"81",
"97",
"85",
"93",
"93",
"81",
"83",
"92",
"104",
"90",
"103",
"99",
"88",
"87",
"84",
"110",
"79",
"93",
"92",
"93",
"82",
"87",
"104",
"94",
"86",
"108",
"96",
"80",
"119",
"87",
"82",
"75",
"74",
"103",
"90",
"82",
"86",
"87",
"96",
"99",
"82",
"92",
"97",
"91",
"87",
"98",
"88",
"106",
"103",
"95",
"93",
"94",
"87",
"98",
"89",
"86",
"78",
"72",
"92",
"88",
"93",
"80",
"89",
"87",
"89",
"91",
"93",
"74",
"89",
"79",
"75",
"88",
"86",
"112",
"89",
"83",
"80",
"85",
"104",
"80",
"72",
"88",
"79",
"78",
"79",
"89",
"82",
"97",
"75",
"94",
"81",
"97",
"93",
"99",
"98",
"81",
"72",
"82",
"90",
"84",
"96",
"65",
"72",
"93",
"73",
"75",
"77",
"83",
"97",
"74",
"102",
"89",
"95",
"81",
"83",
"101",
"75",
"92",
"74",
"78",
"84",
"77",
"71",
"72",
"99",
"88",
"83",
"73",
"73",
"106",
"69",
"83",
"63",
"68",
"83",
"86",
"81",
"69",
"67",
"83",
"79",
"75",
"81",
"84",
"73",
"76",
"77",
"89",
"78",
"69",
"85",
"72",
"72",
"97",
"82",
"81",
"91",
"79",
"92",
"63",
"78",
"87",
"71",
"77",
"95",
"85",
"91",
"61",
"87",
"73",
"75",
"72",
"66",
"77",
"81",
"90",
"83",
"71",
"90",
"93",
"88",
"65",
"76",
"86",
"79",
"83",
"90",
"74",
"87",
"78",
"67",
"69",
"77",
"77",
"79",
"79",
"78",
"83",
"74",
"74",
"73",
"79",
"82",
"85",
"66",
"87",
"90",
"75",
"72",
"76",
"84",
"82",
"78",
"81",
"59",
"91",
"76",
"93",
"65",
"63",
"92",
"74",
"71",
"74",
"73",
"74",
"78",
"73",
"83",
"82",
"81",
"82",
"85",
"75",
"74",
"90",
"63",
"83",
"96",
"72",
"74",
"61",
"73",
"63",
"68",
"79",
"67",
"73",
"77",
"66",
"72",
"75",
"82",
"81",
"82",
"88",
"58",
"77",
"68",
"59",
"73",
"86",
"80",
"76",
"64",
"65",
"78",
"76",
"63",
"47",
"77",
"67",
"71",
"76",
"64",
"74",
"89",
"77",
"71",
"60",
"78",
"88",
"83",
"66",
"69",
"83",
"80",
"53",
"59",
"76",
"67",
"77",
"81",
"76",
"71",
"69",
"79",
"69",
"51",
"73",
"77",
"67",
"64",
"87",
"84",
"58",
"64",
"57",
"57",
"61",
"67",
"67",
"68",
"56",
"58",
"66",
"75",
"74",
"84",
"68",
"61",
"85",
"74",
"65",
"77",
"75",
"65",
"56",
"70",
"63",
"63",
"76",
"81",
"83",
"65",
"69",
"66",
"85",
"68",
"65",
"61",
"60",
"66",
"82",
"67",
"75",
"66",
"74",
"67",
"56",
"69",
"79",
"86",
"77",
"74",
"78",
"59",
"58",
"71",
"80",
"53",
"67",
"90",
"64",
"74",
"79",
"64",
"61",
"61",
"66",
"81",
"64",
"68",
"76",
"73",
"58",
"90",
"51",
"80",
"67",
"68",
"75",
"57",
"81",
"69",
"58",
"81",
"61",
"71",
"70",
"68",
"61",
"65",
"69",
"52",
"67",
"71",
"64",
"67",
"72",
"54",
"69",
"68",
"66",
"50",
"60",
"73",
"63",
"52",
"60",
"57",
"79",
"81",
"52",
"52",
"84",
"61",
"57",
"49",
"57",
"59",
"54",
"70",
"57",
"70",
"60",
"52",
"68",
"58",
"67",
"56",
"85",
"67",
"77",
"61",
"61",
"52",
"56",
"71",
"61",
"64",
"60",
"52",
"55",
"51",
"65",
"43",
"67",
"66",
"54",
"64",
"70",
"76",
"67",
"79",
"60",
"65",
"56",
"75",
"70",
"57",
"44",
"77",
"66",
"80",
"78",
"65",
"77",
"54",
"57",
"78",
"79",
"61",
"55",
"71",
"76",
"51",
"60",
"55",
"63",
"76",
"61",
"81",
"52",
"55",
"63",
"51",
"56",
"65",
"64",
"61",
"48",
"63",
"61",
"77",
"59",
"58",
"86",
"64",
"56",
"67",
"75",
"59",
"69",
"55",
"56",
"77",
"54",
"58",
"56",
"65",
"57",
"65",
"58",
"61",
"56",
"55",
"71",
"71",
"53",
"51",
"61",
"82",
"68",
"59",
"81",
"61",
"65",
"69",
"55",
"72",
"70",
"66",
"64",
"63",
"84",
"84",
"53",
"68",
"65",
"69",
"68",
"74",
"71",
"72",
"66",
"65",
"69",
"76",
"75",
"69",
"89",
"90",
"88",
"82",
"66",
"105",
"72",
"88",
"78",
"61",
"77",
"82",
"93",
"74",
"89",
"90",
"96",
"83",
"102",
"105",
"91",
"87",
"82",
"126",
"121",
"84",
"120",
"107",
"113",
"109",
"117",
"104",
"130",
"144",
"127",
"138",
"146",
"111",
"136",
"168",
"173",
"167",
"178",
"177",
"169",
"164",
"188",
"212",
"226",
"210",
"216",
"232",
"256",
"227",
"259",
"278",
"288",
"253",
"273",
"302",
"309",
"306",
"304",
"340",
"365",
"340",
"370",
"379",
"330",
"338",
"374",
"434",
"390",
"379",
"372",
"424",
"395",
"378",
"358",
"390",
"373",
"388",
"399",
"389",
"439",
"391",
"363",
"387",
"396",
"335",
"342",
"378",
"340",
"335",
"344",
"316",
"311",
"315",
"304",
"306",
"290",
"271",
"253",
"282",
"277",
"250",
"215",
"223",
"231",
"203",
"184",
"204",
"168",
"179",
"174",
"168",
"183",
"156",
"121",
"155",
"134",
"127",
"132",
"115",
"120",
"127",
"91",
"120",
"111",
"115",
"104",
"91",
"106",
"99",
"84",
"133",
"82",
"88",
"90",
"103",
"116",
"87",
"87",
"103",
"110",
"93",
"125",
"115",
"117",
"118",
"129",
"140",
"168",
"174",
"170",
"197",
"164",
"178",
"190",
"201",
"217",
"235",
"241",
"235",
"262",
"245",
"211",
"248",
"293",
"266",
"255",
"270",
"272",
"241",
"266",
"261",
"227",
"218",
"234",
"234",
"227",
"209",
"204",
"168",
"182",
"164",
"142",
"143",
"117",
"105",
"121",
"110",
"105",
"93",
"84",
"80",
"86",
"76",
"30026",
"Channel_info_start",
"Channel : Mg",
"Points : 0",
"Range : 0.000000 - 0.000000",
"Step : 0.010000",
"Channel_info_end",
"Channel_info_start",
"Channel : Al",
"Points : 0",
"Range : 0.000000 - 0.000000",
"Step : 0.010000",
"Channel_info_end",
"Channel_info_start",
"Channel : Si",
"Points : 0",
"Range : 0.000000 - 0.000000",
"Step : 0.010000",
"Channel_info_end",
"Channel_info_start",
"Channel : P ",
"Points : 0",
"Range : 0.000000 - 0.000000",
"Step : 0.010000",
"Channel_info_end",
"Channel_info_start",
"Channel : S ",
"Points : 0",
"Range : 0.000000 - 0.000000",
"Step : 0.010000",
"Channel_info_end",
"Channel_info_start",
"Channel : Cl",
"Points : 0",
"Range : 0.000000 - 0.000000",
"Step : 0.010000",
"Channel_info_end",
"Channel_info_start",
"Channel : K ",
"Points : 0",
"Range : 0.000000 - 0.000000",
"Step : 0.010000",
"Channel_info_end",
"Channel_info_start",
"Channel : Ca",
"Points : 0",
"Range : 0.000000 - 0.000000",
"Step : 0.010000",
"Channel_info_end",
"Channel_info_start",
"Channel : Ti",
"Points : 0",
"Range : 0.000000 - 0.000000",
"Step : 0.010000",
"Channel_info_end",
"Channel_info_start",
"Channel : V ",
"Points : 0",
"Range : 0.000000 - 0.000000",
"Step : 0.010000",
"Channel_info_end",
"Channel_info_start",
"Channel : Cr",
"Points : 0",
"Range : 0.000000 - 0.000000",
"Step : 0.010000",
"Channel_info_end",
"Channel_info_start",
"Channel : Mn",
"Points : 0",
"Range : 0.000000 - 0.000000",
"Step : 0.010000",
"Channel_info_end",
"Channel_info_start",
"Channel : Fe",
"Points : 0",
"Range : 0.000000 - 0.000000",
"Step : 0.010000",
"Channel_info_end",
"Channel_info_start",
"Channel : Cu",
"Points : 0",
"Range : 0.000000 - 0.000000",
"Step : 0.010000",
"Channel_info_end",
"Channel_info_start",
"Channel : Zn",
"Points : 0",
"Range : 0.000000 - 0.000000",
"Step : 0.010000",
"Channel_info_end",
"Channel_info_start",
"Channel : Sr",
"Points : 0",
"Range : 0.000000 - 0.000000",
"Step : 0.010000",
"Channel_info_end",
"Channel_info_start",
"Channel : Pb",
"Points : 0",
"Range : 0.000000 - 0.000000",
"Step : 0.010000",
"Channel_info_end",
"",
"Qualitative Result",
"--------------------------------------------------------------------------------",
"Element :  Eu, Ta, P , Ca, Nd, Mn, Ni, Rh",
"",
"Peak List",
"--------------------------------------------------------------------------------",
"Channel               Line        keV     Net Int.(cps/uA)",
"--------------------------------------------------------------------------------",
"Na                    EuMa         1.17     0.035",
"                      ----         1.35     0.016",
"                      TaMa         1.74     0.251",
"                      P Ka         2.00     0.024",
"                      CaKa         3.71     0.178",
"                      CaKb         4.05     0.024",
"                      EuLL         5.20     0.030",
"                      NdLa         5.20     0.018",
"                      MnKa         5.88     1.238",
"                      MnKb         6.50     0.186",
"                      EuLb1        6.50     0.566",
"                      EuLb2        6.86     0.184",
"                      TaLL         7.23     0.043",
"                      EuLg1        7.52     0.071",
"                      NiKa         7.52     0.019",
"                      EuLg2        7.82     0.027",
"                      TaLa         8.19     1.327",
"                      NiKb         8.27     0.003",
"                      TaLb1        9.40     0.774",
"                      TaLb2        9.70     0.239",
"                      TaLg1       10.96     0.135",
"                      TaLg3       11.32     0.049",
"                      RhKaC       19.33     0.079",
"                      RhKa        20.13     0.045",
"--------------------------------------------------------------------------------",
"",
"Quantitative Result",
"--------------------------------------------------------------------------------",
"Analyte               Result             Std.Dev. Proc.-Calc. Line Intensity(cps/uA)",
"--------------------------------------------------------------------------------",
"====[No. 1 Layer]====< Layer1               >===============================",
"Layer1                   0.000 ug/cm2    -------- Flux       -------- --------",
