"Sample    : ag_34693",
"Operator  : americo",
"Comment  : ag_46.5micromatter",
"Group     : kerr2007ag180cal_lt",
"Date       : 2013-10-09 01:24:39",
"",
"Mesurement Condition",
"------------------------------------------------------------------------------------",
"Instrument : 700HS2   Atmosphere : Vac.   Collimator : 10(mm)   Spin : No",
"------------------------------------------------------------------------------------",
"Analyte               TG kV   uA      FI Acq.(keV)  Anal.(keV)  Time(sec)     DT(%)",
"------------------------------------------------------------------------------------",
"Na                    Rh 50  419-Auto Al  0 - 20    0.8 - 1.2   Live -  180   15",
"",
"<Profile>",
"Channel_info_start",
"Channel : Na",
"Points : 2048",
"Range : 0.000000 - 20.480000",
"Step : 0.010000",
"Channel_info_end",
"0",
"0",
"0",
"0",
"0",
"0",
"0",
"0",
"0",
"0",
"0",
"0",
"0",
"0",
"0",
"0",
"0",
"0",
"0",
"0",
"0",
"0",
"0",
"0",
"0",
"0",
"0",
"0",
"1",
"2",
"21",
"45",
"46",
"43",
"41",
"53",
"51",
"57",
"53",
"52",
"50",
"52",
"55",
"40",
"42",
"44",
"54",
"57",
"55",
"49",
"48",
"52",
"45",
"40",
"31",
"48",
"49",
"31",
"46",
"47",
"46",
"51",
"52",
"56",
"45",
"49",
"46",
"56",
"37",
"53",
"46",
"53",
"43",
"52",
"45",
"43",
"56",
"44",
"49",
"40",
"45",
"47",
"44",
"36",
"46",
"41",
"41",
"61",
"57",
"41",
"55",
"60",
"46",
"51",
"47",
"54",
"49",
"62",
"45",
"47",
"42",
"52",
"48",
"51",
"65",
"44",
"42",
"62",
"49",
"81",
"60",
"66",
"54",
"74",
"71",
"74",
"67",
"88",
"90",
"120",
"138",
"169",
"186",
"217",
"193",
"201",
"180",
"217",
"152",
"149",
"124",
"103",
"103",
"96",
"84",
"80",
"89",
"110",
"114",
"128",
"92",
"124",
"116",
"142",
"120",
"131",
"94",
"112",
"97",
"111",
"80",
"90",
"81",
"81",
"66",
"79",
"80",
"91",
"79",
"77",
"74",
"71",
"86",
"84",
"73",
"85",
"78",
"68",
"74",
"71",
"65",
"84",
"88",
"76",
"52",
"70",
"71",
"90",
"77",
"68",
"64",
"76",
"53",
"75",
"64",
"61",
"54",
"65",
"78",
"79",
"82",
"77",
"94",
"81",
"89",
"129",
"124",
"151",
"120",
"167",
"138",
"170",
"154",
"172",
"149",
"144",
"127",
"117",
"80",
"104",
"71",
"85",
"71",
"55",
"85",
"95",
"73",
"97",
"107",
"101",
"93",
"99",
"99",
"131",
"128",
"115",
"94",
"114",
"106",
"138",
"106",
"116",
"102",
"87",
"97",
"119",
"94",
"100",
"86",
"82",
"87",
"84",
"90",
"104",
"103",
"91",
"93",
"116",
"125",
"108",
"140",
"108",
"128",
"161",
"140",
"211",
"216",
"283",
"272",
"372",
"374",
"464",
"502",
"486",
"514",
"542",
"480",
"474",
"455",
"517",
"397",
"409",
"339",
"336",
"299",
"297",
"285",
"326",
"296",
"376",
"337",
"403",
"406",
"444",
"462",
"547",
"581",
"875",
"1047",
"1488",
"1799",
"2677",
"3336",
"4396",
"5444",
"6635",
"7504",
"8788",
"8875",
"9762",
"9482",
"9582",
"8399",
"8033",
"6607",
"6158",
"4875",
"4165",
"3680",
"3478",
"3312",
"3476",
"3708",
"4146",
"4205",
"4731",
"4625",
"5036",
"4638",
"4924",
"4225",
"4180",
"3594",
"3278",
"2789",
"2620",
"2083",
"1932",
"1658",
"1552",
"1335",
"1306",
"1205",
"1133",
"1095",
"1183",
"1098",
"1124",
"1016",
"975",
"929",
"852",
"724",
"697",
"560",
"508",
"444",
"437",
"445",
"500",
"465",
"478",
"516",
"509",
"479",
"523",
"474",
"487",
"426",
"502",
"498",
"568",
"543",
"731",
"817",
"1013",
"1117",
"1292",
"1273",
"1415",
"1360",
"1464",
"1448",
"1343",
"1226",
"1128",
"969",
"852",
"716",
"577",
"464",
"421",
"288",
"270",
"204",
"147",
"121",
"119",
"102",
"88",
"69",
"91",
"97",
"118",
"116",
"135",
"125",
"161",
"151",
"193",
"185",
"187",
"180",
"221",
"180",
"158",
"149",
"162",
"130",
"110",
"102",
"84",
"78",
"58",
"56",
"44",
"39",
"51",
"36",
"42",
"39",
"30",
"38",
"42",
"40",
"31",
"35",
"36",
"35",
"36",
"38",
"39",
"46",
"60",
"51",
"49",
"47",
"56",
"62",
"69",
"54",
"52",
"68",
"69",
"62",
"67",
"65",
"61",
"69",
"64",
"66",
"58",
"65",
"71",
"67",
"85",
"67",
"65",
"62",
"58",
"64",
"76",
"63",
"63",
"71",
"79",
"72",
"62",
"65",
"66",
"55",
"49",
"66",
"46",
"61",
"67",
"60",
"53",
"51",
"61",
"60",
"51",
"53",
"58",
"44",
"43",
"56",
"48",
"45",
"60",
"43",
"54",
"50",
"47",
"60",
"49",
"43",
"57",
"47",
"47",
"50",
"61",
"50",
"44",
"54",
"61",
"48",
"62",
"52",
"66",
"58",
"62",
"74",
"62",
"49",
"66",
"52",
"69",
"68",
"73",
"89",
"78",
"71",
"97",
"82",
"79",
"86",
"93",
"89",
"106",
"93",
"100",
"101",
"108",
"83",
"87",
"123",
"106",
"103",
"112",
"100",
"92",
"105",
"106",
"100",
"100",
"103",
"95",
"87",
"106",
"105",
"77",
"64",
"69",
"99",
"77",
"66",
"76",
"72",
"66",
"71",
"80",
"56",
"82",
"71",
"71",
"66",
"75",
"69",
"72",
"70",
"94",
"65",
"79",
"76",
"99",
"79",
"74",
"79",
"83",
"67",
"73",
"94",
"99",
"85",
"72",
"95",
"79",
"91",
"87",
"69",
"96",
"84",
"89",
"100",
"115",
"89",
"100",
"106",
"117",
"111",
"116",
"139",
"127",
"128",
"156",
"125",
"174",
"153",
"147",
"152",
"148",
"185",
"161",
"166",
"166",
"178",
"227",
"177",
"219",
"188",
"207",
"172",
"190",
"185",
"240",
"199",
"232",
"205",
"222",
"198",
"212",
"209",
"212",
"219",
"252",
"221",
"241",
"230",
"280",
"237",
"211",
"239",
"256",
"205",
"218",
"211",
"216",
"206",
"185",
"185",
"216",
"200",
"191",
"181",
"184",
"175",
"185",
"191",
"177",
"184",
"182",
"169",
"190",
"180",
"177",
"130",
"166",
"151",
"164",
"169",
"165",
"140",
"142",
"160",
"153",
"162",
"134",
"139",
"106",
"134",
"126",
"152",
"125",
"124",
"124",
"129",
"123",
"147",
"134",
"141",
"122",
"101",
"127",
"123",
"107",
"122",
"130",
"122",
"147",
"126",
"111",
"107",
"121",
"116",
"125",
"128",
"124",
"109",
"108",
"130",
"114",
"156",
"118",
"123",
"129",
"116",
"117",
"123",
"117",
"110",
"125",
"122",
"112",
"135",
"114",
"99",
"131",
"119",
"119",
"127",
"148",
"125",
"123",
"123",
"142",
"121",
"122",
"126",
"136",
"150",
"133",
"110",
"152",
"160",
"116",
"118",
"129",
"149",
"154",
"134",
"125",
"133",
"162",
"138",
"136",
"153",
"154",
"123",
"129",
"128",
"146",
"139",
"135",
"117",
"134",
"123",
"141",
"139",
"143",
"135",
"122",
"132",
"155",
"139",
"135",
"127",
"140",
"121",
"135",
"159",
"121",
"131",
"151",
"141",
"138",
"154",
"156",
"168",
"159",
"171",
"171",
"184",
"143",
"160",
"169",
"196",
"204",
"217",
"196",
"219",
"220",
"199",
"261",
"263",
"221",
"232",
"250",
"239",
"232",
"224",
"236",
"219",
"228",
"203",
"225",
"229",
"193",
"212",
"214",
"179",
"190",
"186",
"189",
"212",
"181",
"202",
"205",
"244",
"204",
"165",
"219",
"205",
"200",
"205",
"173",
"193",
"220",
"185",
"196",
"202",
"214",
"193",
"197",
"180",
"210",
"174",
"188",
"194",
"186",
"207",
"207",
"223",
"218",
"208",
"225",
"205",
"223",
"214",
"208",
"223",
"226",
"203",
"228",
"251",
"231",
"193",
"234",
"214",
"221",
"209",
"195",
"206",
"238",
"190",
"184",
"163",
"175",
"154",
"157",
"157",
"157",
"162",
"150",
"170",
"189",
"134",
"128",
"153",
"147",
"161",
"158",
"166",
"144",
"133",
"168",
"158",
"163",
"164",
"144",
"138",
"184",
"159",
"163",
"152",
"166",
"161",
"154",
"157",
"167",
"163",
"166",
"150",
"159",
"139",
"146",
"179",
"177",
"140",
"184",
"168",
"169",
"177",
"155",
"172",
"161",
"163",
"154",
"157",
"155",
"174",
"161",
"167",
"167",
"173",
"166",
"156",
"169",
"154",
"167",
"154",
"191",
"178",
"159",
"171",
"166",
"168",
"172",
"178",
"182",
"165",
"185",
"177",
"191",
"153",
"169",
"168",
"171",
"171",
"174",
"205",
"195",
"185",
"173",
"160",
"194",
"160",
"163",
"173",
"182",
"150",
"150",
"170",
"160",
"162",
"185",
"178",
"209",
"161",
"179",
"174",
"175",
"193",
"211",
"187",
"198",
"196",
"220",
"218",
"273",
"235",
"252",
"265",
"278",
"329",
"305",
"292",
"307",
"301",
"316",
"367",
"321",
"280",
"292",
"316",
"285",
"279",
"240",
"270",
"257",
"211",
"245",
"197",
"184",
"200",
"188",
"149",
"165",
"148",
"143",
"134",
"140",
"158",
"133",
"140",
"119",
"118",
"149",
"140",
"132",
"139",
"129",
"132",
"141",
"145",
"136",
"157",
"134",
"148",
"115",
"109",
"142",
"123",
"160",
"134",
"153",
"116",
"149",
"146",
"144",
"148",
"135",
"132",
"118",
"143",
"125",
"135",
"152",
"133",
"144",
"144",
"127",
"135",
"125",
"142",
"131",
"129",
"145",
"136",
"153",
"138",
"126",
"134",
"141",
"146",
"128",
"105",
"130",
"132",
"168",
"162",
"136",
"131",
"139",
"134",
"148",
"154",
"121",
"153",
"151",
"145",
"143",
"161",
"141",
"142",
"148",
"181",
"139",
"163",
"171",
"134",
"173",
"136",
"188",
"136",
"152",
"155",
"163",
"153",
"165",
"173",
"149",
"152",
"167",
"181",
"160",
"170",
"138",
"165",
"166",
"150",
"158",
"167",
"150",
"145",
"144",
"182",
"149",
"159",
"155",
"151",
"163",
"160",
"183",
"141",
"186",
"154",
"135",
"158",
"167",
"151",
"158",
"129",
"168",
"169",
"162",
"141",
"167",
"144",
"146",
"143",
"173",
"150",
"153",
"122",
"154",
"149",
"159",
"153",
"158",
"135",
"172",
"150",
"154",
"148",
"145",
"147",
"178",
"148",
"170",
"156",
"139",
"157",
"196",
"202",
"182",
"208",
"183",
"210",
"202",
"231",
"194",
"223",
"242",
"228",
"220",
"217",
"262",
"225",
"225",
"235",
"228",
"218",
"229",
"207",
"187",
"218",
"214",
"183",
"181",
"164",
"204",
"174",
"141",
"180",
"174",
"158",
"150",
"151",
"151",
"147",
"152",
"144",
"174",
"134",
"161",
"127",
"126",
"124",
"139",
"151",
"122",
"113",
"135",
"150",
"149",
"124",
"156",
"142",
"149",
"129",
"120",
"123",
"130",
"129",
"130",
"127",
"160",
"126",
"130",
"117",
"140",
"117",
"142",
"101",
"142",
"119",
"101",
"146",
"124",
"113",
"143",
"120",
"126",
"129",
"139",
"113",
"133",
"128",
"127",
"133",
"133",
"142",
"131",
"131",
"118",
"131",
"106",
"120",
"126",
"122",
"115",
"127",
"109",
"147",
"114",
"114",
"114",
"138",
"129",
"127",
"123",
"123",
"122",
"159",
"128",
"115",
"127",
"118",
"129",
"135",
"117",
"123",
"101",
"123",
"120",
"118",
"126",
"135",
"129",
"114",
"123",
"132",
"135",
"115",
"109",
"117",
"115",
"104",
"144",
"132",
"119",
"133",
"110",
"104",
"111",
"135",
"108",
"119",
"113",
"117",
"130",
"123",
"112",
"122",
"107",
"123",
"132",
"130",
"119",
"107",
"100",
"135",
"112",
"114",
"127",
"122",
"110",
"134",
"119",
"117",
"107",
"135",
"134",
"135",
"125",
"102",
"138",
"105",
"120",
"104",
"113",
"134",
"125",
"121",
"127",
"136",
"118",
"109",
"121",
"106",
"130",
"114",
"118",
"143",
"120",
"106",
"127",
"132",
"117",
"110",
"118",
"117",
"138",
"113",
"126",
"126",
"142",
"126",
"127",
"127",
"152",
"129",
"142",
"113",
"124",
"111",
"111",
"119",
"156",
"127",
"150",
"135",
"128",
"129",
"131",
"118",
"120",
"107",
"128",
"116",
"129",
"115",
"127",
"119",
"117",
"118",
"126",
"122",
"121",
"113",
"113",
"122",
"127",
"113",
"111",
"118",
"142",
"110",
"136",
"110",
"108",
"106",
"128",
"109",
"123",
"105",
"116",
"123",
"125",
"105",
"108",
"124",
"107",
"123",
"110",
"114",
"101",
"111",
"124",
"118",
"109",
"106",
"89",
"109",
"119",
"81",
"122",
"109",
"111",
"121",
"114",
"100",
"103",
"103",
"130",
"111",
"107",
"102",
"121",
"107",
"114",
"106",
"112",
"115",
"105",
"104",
"106",
"104",
"110",
"93",
"87",
"120",
"106",
"104",
"95",
"116",
"104",
"109",
"97",
"87",
"130",
"93",
"100",
"119",
"95",
"89",
"110",
"109",
"108",
"109",
"117",
"108",
"116",
"92",
"116",
"106",
"88",
"103",
"99",
"105",
"93",
"82",
"93",
"101",
"111",
"105",
"110",
"74",
"94",
"106",
"108",
"107",
"104",
"91",
"107",
"104",
"101",
"82",
"113",
"111",
"107",
"89",
"81",
"84",
"97",
"142",
"97",
"94",
"108",
"97",
"107",
"92",
"111",
"90",
"99",
"100",
"100",
"94",
"89",
"88",
"101",
"97",
"110",
"97",
"89",
"113",
"89",
"101",
"84",
"104",
"102",
"104",
"93",
"103",
"102",
"92",
"114",
"99",
"99",
"81",
"102",
"99",
"81",
"115",
"85",
"88",
"96",
"104",
"84",
"94",
"97",
"88",
"96",
"93",
"80",
"101",
"112",
"82",
"86",
"92",
"99",
"111",
"94",
"105",
"113",
"86",
"92",
"113",
"91",
"95",
"72",
"96",
"94",
"97",
"96",
"100",
"102",
"111",
"87",
"102",
"84",
"81",
"115",
"111",
"105",
"85",
"90",
"107",
"84",
"83",
"101",
"95",
"81",
"92",
"114",
"97",
"106",
"86",
"82",
"99",
"109",
"94",
"79",
"80",
"101",
"77",
"89",
"88",
"100",
"89",
"97",
"87",
"99",
"99",
"92",
"94",
"90",
"88",
"104",
"82",
"89",
"97",
"84",
"95",
"99",
"81",
"101",
"83",
"87",
"76",
"94",
"77",
"86",
"79",
"97",
"93",
"80",
"87",
"89",
"102",
"82",
"104",
"90",
"90",
"101",
"78",
"95",
"78",
"96",
"94",
"87",
"93",
"81",
"96",
"92",
"115",
"86",
"84",
"84",
"91",
"96",
"84",
"107",
"86",
"87",
"90",
"78",
"97",
"86",
"67",
"94",
"83",
"85",
"85",
"86",
"88",
"94",
"77",
"80",
"108",
"81",
"84",
"99",
"97",
"72",
"91",
"84",
"92",
"86",
"77",
"91",
"91",
"87",
"104",
"93",
"76",
"68",
"102",
"90",
"93",
"97",
"76",
"97",
"106",
"87",
"105",
"85",
"83",
"82",
"76",
"97",
"83",
"90",
"95",
"69",
"103",
"101",
"87",
"102",
"101",
"96",
"81",
"87",
"76",
"104",
"90",
"77",
"65",
"95",
"77",
"86",
"90",
"89",
"76",
"97",
"69",
"79",
"91",
"84",
"75",
"88",
"92",
"112",
"97",
"79",
"75",
"79",
"64",
"81",
"79",
"75",
"91",
"83",
"80",
"72",
"83",
"93",
"107",
"78",
"88",
"95",
"81",
"100",
"96",
"97",
"76",
"104",
"79",
"84",
"82",
"82",
"110",
"84",
"85",
"90",
"81",
"80",
"91",
"80",
"74",
"105",
"79",
"93",
"76",
"109",
"88",
"85",
"93",
"93",
"99",
"103",
"103",
"87",
"94",
"85",
"107",
"84",
"103",
"87",
"113",
"101",
"90",
"87",
"108",
"96",
"90",
"99",
"87",
"110",
"107",
"99",
"103",
"121",
"86",
"95",
"112",
"107",
"89",
"101",
"101",
"103",
"108",
"129",
"102",
"128",
"103",
"102",
"87",
"104",
"96",
"108",
"118",
"114",
"100",
"128",
"130",
"132",
"126",
"151",
"123",
"131",
"154",
"126",
"142",
"138",
"154",
"152",
"132",
"153",
"139",
"145",
"144",
"158",
"173",
"211",
"164",
"189",
"200",
"201",
"218",
"249",
"221",
"243",
"229",
"250",
"205",
"264",
"305",
"306",
"311",
"268",
"323",
"292",
"310",
"325",
"339",
"384",
"343",
"379",
"380",
"469",
"400",
"422",
"494",
"396",
"453",
"476",
"460",
"490",
"515",
"482",
"505",
"524",
"482",
"539",
"514",
"537",
"500",
"498",
"510",
"473",
"487",
"552",
"522",
"549",
"473",
"467",
"505",
"520",
"459",
"473",
"487",
"472",
"508",
"459",
"451",
"428",
"413",
"395",
"418",
"364",
"338",
"355",
"358",
"338",
"336",
"348",
"298",
"301",
"273",
"259",
"233",
"264",
"243",
"260",
"249",
"256",
"180",
"199",
"230",
"195",
"156",
"193",
"143",
"173",
"157",
"158",
"159",
"147",
"136",
"138",
"148",
"159",
"132",
"138",
"132",
"120",
"97",
"136",
"126",
"122",
"124",
"120",
"149",
"132",
"116",
"153",
"142",
"154",
"178",
"178",
"186",
"186",
"173",
"187",
"235",
"224",
"211",
"225",
"231",
"286",
"256",
"284",
"279",
"283",
"259",
"315",
"322",
"317",
"291",
"297",
"349",
"327",
"323",
"262",
"329",
"284",
"288",
"284",
"257",
"288",
"256",
"241",
"229",
"229",
"191",
"188",
"193",
"162",
"156",
"165",
"172",
"149",
"125",
"105",
"117",
"121",
"102",
"113",
"101",
"94",
"80",
"97",
"100",
"88",
"73",
"218494",
"Channel_info_start",
"Channel : Mg",
"Points : 0",
"Range : 0.000000 - 0.000000",
"Step : 0.010000",
"Channel_info_end",
"Channel_info_start",
"Channel : Al",
"Points : 0",
"Range : 0.000000 - 0.000000",
"Step : 0.010000",
"Channel_info_end",
"Channel_info_start",
"Channel : Si",
"Points : 0",
"Range : 0.000000 - 0.000000",
"Step : 0.010000",
"Channel_info_end",
"Channel_info_start",
"Channel : P ",
"Points : 0",
"Range : 0.000000 - 0.000000",
"Step : 0.010000",
"Channel_info_end",
"Channel_info_start",
"Channel : S ",
"Points : 0",
"Range : 0.000000 - 0.000000",
"Step : 0.010000",
"Channel_info_end",
"Channel_info_start",
"Channel : Cl",
"Points : 0",
"Range : 0.000000 - 0.000000",
"Step : 0.010000",
"Channel_info_end",
"Channel_info_start",
"Channel : K ",
"Points : 0",
"Range : 0.000000 - 0.000000",
"Step : 0.010000",
"Channel_info_end",
"Channel_info_start",
"Channel : Ca",
"Points : 0",
"Range : 0.000000 - 0.000000",
"Step : 0.010000",
"Channel_info_end",
"Channel_info_start",
"Channel : Ti",
"Points : 0",
"Range : 0.000000 - 0.000000",
"Step : 0.010000",
"Channel_info_end",
"Channel_info_start",
"Channel : V ",
"Points : 0",
"Range : 0.000000 - 0.000000",
"Step : 0.010000",
"Channel_info_end",
"Channel_info_start",
"Channel : Cr",
"Points : 0",
"Range : 0.000000 - 0.000000",
"Step : 0.010000",
"Channel_info_end",
"Channel_info_start",
"Channel : Mn",
"Points : 0",
"Range : 0.000000 - 0.000000",
"Step : 0.010000",
"Channel_info_end",
"Channel_info_start",
"Channel : Fe",
"Points : 0",
"Range : 0.000000 - 0.000000",
"Step : 0.010000",
"Channel_info_end",
"Channel_info_start",
"Channel : Cu",
"Points : 0",
"Range : 0.000000 - 0.000000",
"Step : 0.010000",
"Channel_info_end",
"Channel_info_start",
"Channel : Zn",
"Points : 0",
"Range : 0.000000 - 0.000000",
"Step : 0.010000",
"Channel_info_end",
"Channel_info_start",
"Channel : Sr",
"Points : 0",
"Range : 0.000000 - 0.000000",
"Step : 0.010000",
"Channel_info_end",
"Channel_info_start",
"Channel : Pb",
"Points : 0",
"Range : 0.000000 - 0.000000",
"Step : 0.010000",
"Channel_info_end",
"",
"Qualitative Result",
"--------------------------------------------------------------------------------",
"Element :  Mg, Al, P , Cl, Sn, Ca, Hg, Ru",
"",
"Peak List",
"--------------------------------------------------------------------------------",
"Channel               Line        keV     Net Int.(cps/uA)",
"--------------------------------------------------------------------------------",
"Na                    MgKa         1.24     0.022",
"                      AlKa         1.43     0.010",
"                      P Ka         2.02     0.015",
"                      ClKa         2.64     0.053",
"                      SnLL         3.00     1.633",
"                      ----         3.18     0.797",
"                      SnLa         3.39     0.110",
"                      ----         3.53     0.036",
"                      SnLb1        3.66     0.056",
"                      CaKa         3.71     0.224",
"                      CaKb         4.03     0.024",
"                      ----         6.18     0.022",
"                      ----         6.39     0.031",
"                      ----         8.04     0.025",
"                      HgLa        10.00     0.050",
"                      HgLb1       11.87     0.026",
"                      RuKa        19.14     0.102",
"                      ----        19.47     0.051",
"                      ----        20.04     0.053",
"--------------------------------------------------------------------------------",
"",
"Quantitative Result",
"--------------------------------------------------------------------------------",
"Analyte               Result             Std.Dev. Proc.-Calc. Line Intensity(cps/uA)",
"--------------------------------------------------------------------------------",
"====[No. 1 Layer]====< Layer1               >===============================",
"Layer1                   7.344 ug/cm2    -------- Flux       -------- --------",
"Mg                       7.344 ug/cm2    -------- ********** -------- --------",
