"Sample    : sb_34696",
"Operator  : americo",
"Comment  : sb_53.2micromatter",
"Group     : kerr2007ag180cal_lt",
"Date       : 2013-10-09 01:50:32",
"",
"Mesurement Condition",
"------------------------------------------------------------------------------------",
"Instrument : 700HS2   Atmosphere : Vac.   Collimator : 10(mm)   Spin : No",
"------------------------------------------------------------------------------------",
"Analyte               TG kV   uA      FI Acq.(keV)  Anal.(keV)  Time(sec)     DT(%)",
"------------------------------------------------------------------------------------",
"Na                    Rh 50  393-Auto Al  0 - 20    0.8 - 1.2   Live -  180   15",
"",
"<Profile>",
"Channel_info_start",
"Channel : Na",
"Points : 2048",
"Range : 0.000000 - 20.480000",
"Step : 0.010000",
"Channel_info_end",
"0",
"0",
"0",
"0",
"0",
"0",
"0",
"0",
"0",
"0",
"0",
"0",
"0",
"0",
"0",
"0",
"0",
"0",
"0",
"0",
"0",
"0",
"0",
"0",
"0",
"0",
"0",
"0",
"1",
"0",
"24",
"48",
"36",
"40",
"51",
"48",
"41",
"29",
"29",
"41",
"43",
"40",
"47",
"32",
"44",
"44",
"40",
"43",
"37",
"48",
"44",
"27",
"55",
"49",
"33",
"44",
"39",
"31",
"45",
"31",
"46",
"47",
"28",
"39",
"35",
"38",
"38",
"40",
"34",
"32",
"37",
"42",
"31",
"39",
"48",
"57",
"35",
"38",
"29",
"48",
"37",
"42",
"38",
"58",
"47",
"36",
"39",
"43",
"44",
"30",
"53",
"48",
"37",
"45",
"29",
"38",
"26",
"39",
"35",
"42",
"30",
"35",
"35",
"32",
"38",
"56",
"41",
"47",
"30",
"40",
"49",
"32",
"44",
"42",
"40",
"50",
"47",
"45",
"38",
"36",
"40",
"38",
"41",
"36",
"36",
"46",
"47",
"45",
"43",
"45",
"56",
"33",
"53",
"54",
"38",
"52",
"49",
"36",
"39",
"50",
"52",
"53",
"34",
"51",
"57",
"54",
"53",
"48",
"45",
"61",
"55",
"61",
"55",
"55",
"45",
"56",
"55",
"50",
"53",
"48",
"43",
"51",
"61",
"57",
"57",
"56",
"41",
"61",
"48",
"54",
"58",
"52",
"65",
"64",
"56",
"56",
"77",
"72",
"87",
"98",
"115",
"128",
"173",
"172",
"194",
"204",
"198",
"189",
"172",
"197",
"162",
"186",
"170",
"134",
"130",
"146",
"121",
"117",
"140",
"151",
"132",
"169",
"167",
"171",
"176",
"157",
"170",
"165",
"153",
"165",
"136",
"158",
"146",
"157",
"133",
"132",
"126",
"114",
"80",
"104",
"76",
"72",
"75",
"64",
"73",
"74",
"58",
"73",
"67",
"52",
"73",
"83",
"67",
"57",
"58",
"71",
"56",
"71",
"80",
"74",
"55",
"64",
"58",
"66",
"53",
"38",
"49",
"49",
"48",
"63",
"45",
"51",
"48",
"58",
"46",
"59",
"57",
"54",
"44",
"57",
"56",
"54",
"55",
"64",
"47",
"59",
"58",
"59",
"54",
"64",
"45",
"69",
"37",
"68",
"71",
"63",
"57",
"65",
"72",
"65",
"67",
"73",
"66",
"91",
"69",
"68",
"74",
"70",
"89",
"90",
"79",
"84",
"91",
"72",
"80",
"76",
"90",
"91",
"89",
"99",
"100",
"93",
"75",
"107",
"104",
"116",
"124",
"138",
"140",
"162",
"183",
"246",
"301",
"368",
"361",
"470",
"466",
"555",
"537",
"654",
"585",
"654",
"595",
"533",
"503",
"477",
"391",
"364",
"319",
"335",
"233",
"245",
"215",
"219",
"195",
"260",
"264",
"272",
"314",
"324",
"373",
"421",
"397",
"464",
"492",
"627",
"589",
"746",
"942",
"1316",
"1549",
"2339",
"3031",
"3992",
"4876",
"6538",
"7701",
"9455",
"10447",
"11955",
"12577",
"13653",
"12980",
"12946",
"12148",
"11365",
"9862",
"9230",
"7312",
"6346",
"4978",
"4163",
"3378",
"3098",
"2656",
"2583",
"2685",
"3035",
"3382",
"4151",
"4771",
"5569",
"6211",
"7383",
"7510",
"8335",
"7928",
"8344",
"8058",
"7964",
"7140",
"7110",
"6028",
"5765",
"4754",
"4342",
"3831",
"3343",
"2645",
"2618",
"2094",
"1906",
"1663",
"1651",
"1471",
"1603",
"1570",
"1670",
"1735",
"1814",
"1797",
"1949",
"1880",
"1854",
"1518",
"1562",
"1230",
"1208",
"949",
"820",
"667",
"607",
"441",
"422",
"393",
"372",
"385",
"439",
"454",
"529",
"607",
"708",
"742",
"906",
"869",
"956",
"882",
"931",
"825",
"833",
"747",
"651",
"540",
"517",
"428",
"380",
"297",
"299",
"241",
"287",
"239",
"316",
"374",
"382",
"431",
"491",
"526",
"630",
"589",
"664",
"677",
"667",
"588",
"645",
"550",
"539",
"445",
"416",
"369",
"310",
"242",
"194",
"163",
"139",
"117",
"100",
"102",
"80",
"58",
"79",
"60",
"52",
"64",
"57",
"49",
"56",
"68",
"44",
"49",
"47",
"57",
"49",
"45",
"44",
"43",
"62",
"54",
"57",
"46",
"62",
"69",
"55",
"55",
"41",
"64",
"74",
"51",
"74",
"73",
"71",
"67",
"66",
"55",
"80",
"59",
"76",
"74",
"91",
"83",
"68",
"76",
"96",
"70",
"90",
"86",
"87",
"88",
"98",
"90",
"96",
"86",
"78",
"68",
"78",
"80",
"85",
"84",
"71",
"79",
"78",
"86",
"84",
"66",
"78",
"84",
"87",
"98",
"75",
"74",
"75",
"70",
"79",
"78",
"70",
"65",
"63",
"77",
"72",
"76",
"64",
"69",
"66",
"67",
"69",
"57",
"61",
"80",
"83",
"66",
"67",
"61",
"89",
"70",
"68",
"65",
"74",
"80",
"73",
"77",
"77",
"88",
"80",
"70",
"104",
"69",
"76",
"86",
"89",
"82",
"105",
"95",
"113",
"105",
"101",
"106",
"115",
"129",
"105",
"108",
"124",
"128",
"104",
"107",
"139",
"130",
"113",
"116",
"134",
"130",
"149",
"144",
"152",
"140",
"148",
"153",
"139",
"133",
"144",
"139",
"113",
"136",
"124",
"144",
"138",
"144",
"141",
"125",
"150",
"129",
"147",
"127",
"129",
"139",
"124",
"134",
"134",
"129",
"127",
"122",
"132",
"108",
"112",
"118",
"100",
"136",
"126",
"101",
"109",
"105",
"120",
"106",
"125",
"118",
"107",
"103",
"104",
"91",
"112",
"95",
"119",
"112",
"121",
"117",
"118",
"124",
"131",
"106",
"129",
"108",
"139",
"136",
"112",
"110",
"130",
"125",
"140",
"131",
"137",
"113",
"156",
"132",
"161",
"157",
"150",
"123",
"152",
"127",
"140",
"131",
"193",
"148",
"152",
"142",
"153",
"135",
"148",
"175",
"158",
"162",
"152",
"151",
"153",
"169",
"156",
"178",
"169",
"155",
"164",
"147",
"154",
"164",
"135",
"160",
"171",
"170",
"163",
"156",
"159",
"160",
"166",
"170",
"182",
"148",
"153",
"154",
"161",
"162",
"137",
"180",
"152",
"157",
"167",
"157",
"152",
"174",
"146",
"162",
"183",
"149",
"169",
"137",
"159",
"152",
"157",
"145",
"157",
"152",
"140",
"149",
"163",
"153",
"156",
"155",
"150",
"157",
"133",
"142",
"165",
"155",
"129",
"116",
"140",
"133",
"120",
"144",
"137",
"153",
"142",
"157",
"163",
"142",
"158",
"152",
"173",
"131",
"143",
"164",
"161",
"150",
"145",
"150",
"155",
"167",
"163",
"177",
"163",
"152",
"176",
"174",
"170",
"158",
"197",
"179",
"195",
"173",
"190",
"172",
"180",
"185",
"199",
"201",
"193",
"193",
"226",
"213",
"198",
"197",
"211",
"175",
"182",
"157",
"168",
"181",
"165",
"143",
"159",
"178",
"132",
"145",
"134",
"127",
"131",
"141",
"150",
"132",
"149",
"143",
"159",
"139",
"126",
"124",
"149",
"135",
"142",
"123",
"133",
"117",
"154",
"147",
"140",
"146",
"145",
"137",
"154",
"152",
"155",
"140",
"153",
"161",
"150",
"162",
"166",
"188",
"207",
"185",
"193",
"200",
"244",
"201",
"212",
"242",
"245",
"211",
"255",
"228",
"254",
"210",
"232",
"219",
"249",
"226",
"210",
"178",
"173",
"202",
"198",
"180",
"205",
"188",
"172",
"172",
"170",
"173",
"171",
"157",
"190",
"183",
"155",
"188",
"183",
"176",
"131",
"157",
"166",
"150",
"172",
"140",
"194",
"166",
"170",
"166",
"189",
"162",
"176",
"158",
"165",
"163",
"184",
"143",
"161",
"164",
"153",
"147",
"192",
"157",
"178",
"170",
"159",
"152",
"161",
"157",
"166",
"153",
"163",
"163",
"142",
"160",
"168",
"139",
"165",
"162",
"150",
"145",
"163",
"144",
"163",
"146",
"147",
"154",
"142",
"151",
"157",
"144",
"122",
"128",
"163",
"135",
"157",
"99",
"159",
"138",
"146",
"151",
"151",
"142",
"151",
"134",
"172",
"145",
"148",
"124",
"146",
"128",
"139",
"129",
"138",
"123",
"150",
"151",
"151",
"132",
"140",
"113",
"128",
"133",
"130",
"116",
"138",
"123",
"136",
"125",
"132",
"103",
"128",
"123",
"137",
"127",
"138",
"132",
"105",
"132",
"128",
"133",
"121",
"129",
"117",
"132",
"147",
"146",
"137",
"156",
"154",
"138",
"159",
"119",
"139",
"118",
"149",
"126",
"163",
"149",
"142",
"145",
"146",
"148",
"112",
"150",
"158",
"132",
"151",
"136",
"146",
"132",
"143",
"137",
"151",
"150",
"142",
"123",
"151",
"149",
"135",
"132",
"164",
"118",
"156",
"155",
"161",
"157",
"139",
"137",
"129",
"149",
"165",
"166",
"170",
"139",
"176",
"158",
"165",
"172",
"162",
"147",
"183",
"155",
"165",
"190",
"174",
"153",
"163",
"171",
"182",
"166",
"142",
"145",
"155",
"164",
"142",
"141",
"157",
"143",
"158",
"137",
"150",
"132",
"131",
"133",
"153",
"145",
"161",
"151",
"120",
"124",
"138",
"130",
"156",
"147",
"143",
"138",
"143",
"139",
"135",
"144",
"129",
"153",
"134",
"132",
"146",
"124",
"128",
"108",
"144",
"115",
"145",
"149",
"127",
"142",
"142",
"145",
"133",
"119",
"130",
"130",
"119",
"127",
"124",
"133",
"139",
"131",
"136",
"138",
"148",
"116",
"133",
"119",
"145",
"125",
"123",
"123",
"144",
"115",
"134",
"121",
"121",
"123",
"115",
"133",
"141",
"133",
"122",
"119",
"132",
"113",
"138",
"126",
"115",
"125",
"137",
"124",
"139",
"118",
"135",
"144",
"133",
"118",
"115",
"131",
"140",
"111",
"137",
"138",
"141",
"140",
"118",
"137",
"125",
"124",
"145",
"123",
"143",
"134",
"136",
"109",
"132",
"130",
"115",
"119",
"139",
"123",
"137",
"130",
"136",
"127",
"131",
"140",
"113",
"128",
"117",
"124",
"139",
"144",
"138",
"137",
"161",
"126",
"129",
"120",
"124",
"111",
"144",
"141",
"140",
"121",
"116",
"119",
"128",
"134",
"133",
"139",
"130",
"125",
"148",
"118",
"134",
"130",
"121",
"130",
"125",
"150",
"129",
"150",
"114",
"133",
"118",
"116",
"133",
"132",
"126",
"126",
"143",
"109",
"112",
"117",
"110",
"113",
"111",
"114",
"124",
"96",
"120",
"114",
"128",
"125",
"121",
"121",
"111",
"91",
"102",
"124",
"136",
"96",
"113",
"103",
"130",
"96",
"137",
"117",
"132",
"112",
"119",
"114",
"107",
"118",
"125",
"120",
"136",
"118",
"119",
"136",
"111",
"124",
"124",
"117",
"105",
"122",
"100",
"143",
"110",
"119",
"133",
"117",
"131",
"103",
"106",
"103",
"115",
"95",
"108",
"117",
"102",
"102",
"134",
"142",
"106",
"117",
"129",
"104",
"135",
"114",
"114",
"122",
"119",
"99",
"127",
"114",
"138",
"115",
"123",
"120",
"130",
"108",
"121",
"116",
"124",
"119",
"118",
"91",
"109",
"86",
"115",
"111",
"103",
"111",
"109",
"118",
"98",
"95",
"106",
"104",
"119",
"103",
"116",
"103",
"112",
"95",
"136",
"106",
"111",
"108",
"91",
"108",
"108",
"83",
"99",
"105",
"114",
"128",
"104",
"82",
"124",
"107",
"100",
"110",
"101",
"111",
"107",
"117",
"116",
"99",
"127",
"117",
"107",
"114",
"113",
"111",
"101",
"85",
"105",
"107",
"104",
"109",
"116",
"97",
"105",
"96",
"117",
"113",
"108",
"90",
"96",
"100",
"110",
"107",
"99",
"114",
"102",
"113",
"98",
"87",
"90",
"94",
"110",
"96",
"117",
"114",
"114",
"99",
"103",
"101",
"94",
"118",
"109",
"93",
"111",
"113",
"114",
"102",
"88",
"119",
"109",
"99",
"118",
"94",
"107",
"98",
"82",
"94",
"108",
"118",
"118",
"100",
"97",
"106",
"107",
"112",
"114",
"93",
"105",
"105",
"97",
"91",
"103",
"95",
"87",
"93",
"103",
"88",
"107",
"93",
"103",
"110",
"102",
"100",
"105",
"106",
"101",
"102",
"108",
"116",
"85",
"101",
"103",
"90",
"94",
"84",
"101",
"100",
"108",
"97",
"97",
"107",
"96",
"77",
"84",
"103",
"94",
"100",
"79",
"100",
"79",
"88",
"84",
"93",
"105",
"80",
"112",
"127",
"77",
"95",
"90",
"95",
"85",
"103",
"97",
"88",
"83",
"110",
"91",
"94",
"107",
"106",
"83",
"102",
"96",
"87",
"100",
"91",
"88",
"82",
"102",
"101",
"104",
"85",
"101",
"105",
"94",
"89",
"98",
"85",
"91",
"91",
"89",
"84",
"93",
"82",
"90",
"103",
"97",
"87",
"76",
"90",
"102",
"84",
"89",
"115",
"79",
"97",
"79",
"95",
"112",
"88",
"73",
"90",
"91",
"90",
"94",
"100",
"102",
"100",
"114",
"86",
"82",
"84",
"89",
"84",
"99",
"90",
"83",
"80",
"71",
"88",
"108",
"83",
"83",
"93",
"81",
"99",
"86",
"83",
"99",
"87",
"108",
"112",
"88",
"90",
"91",
"73",
"86",
"87",
"100",
"105",
"80",
"79",
"93",
"102",
"98",
"89",
"79",
"83",
"102",
"87",
"82",
"75",
"86",
"77",
"87",
"85",
"93",
"87",
"86",
"64",
"81",
"89",
"85",
"87",
"99",
"94",
"97",
"83",
"100",
"89",
"89",
"80",
"88",
"76",
"97",
"74",
"83",
"96",
"98",
"75",
"77",
"95",
"91",
"78",
"91",
"83",
"81",
"80",
"85",
"84",
"79",
"91",
"63",
"81",
"108",
"73",
"100",
"89",
"85",
"73",
"91",
"81",
"75",
"73",
"87",
"81",
"69",
"69",
"89",
"102",
"99",
"84",
"81",
"88",
"95",
"75",
"76",
"97",
"64",
"79",
"85",
"71",
"82",
"77",
"83",
"96",
"98",
"67",
"78",
"99",
"69",
"87",
"86",
"88",
"82",
"82",
"83",
"79",
"81",
"65",
"85",
"60",
"80",
"88",
"94",
"66",
"99",
"77",
"101",
"83",
"100",
"80",
"77",
"93",
"71",
"88",
"86",
"83",
"65",
"75",
"83",
"84",
"78",
"87",
"87",
"79",
"70",
"87",
"60",
"76",
"73",
"73",
"71",
"77",
"74",
"75",
"83",
"80",
"87",
"73",
"87",
"75",
"66",
"74",
"77",
"87",
"74",
"79",
"96",
"62",
"67",
"88",
"86",
"69",
"87",
"83",
"63",
"82",
"101",
"67",
"89",
"84",
"94",
"84",
"53",
"70",
"80",
"58",
"85",
"86",
"83",
"81",
"68",
"81",
"103",
"78",
"89",
"74",
"80",
"86",
"81",
"91",
"61",
"82",
"79",
"74",
"65",
"61",
"78",
"86",
"82",
"70",
"73",
"84",
"68",
"75",
"85",
"91",
"78",
"78",
"71",
"81",
"88",
"79",
"59",
"94",
"83",
"75",
"89",
"69",
"81",
"85",
"77",
"78",
"86",
"80",
"77",
"81",
"82",
"87",
"82",
"97",
"76",
"69",
"68",
"84",
"81",
"63",
"85",
"67",
"76",
"85",
"77",
"66",
"78",
"78",
"101",
"79",
"84",
"63",
"94",
"63",
"86",
"81",
"87",
"89",
"76",
"69",
"78",
"83",
"78",
"79",
"82",
"77",
"86",
"94",
"88",
"77",
"86",
"83",
"86",
"85",
"91",
"84",
"108",
"102",
"85",
"94",
"80",
"116",
"97",
"84",
"94",
"106",
"87",
"99",
"93",
"96",
"129",
"108",
"111",
"116",
"118",
"110",
"100",
"127",
"110",
"113",
"117",
"138",
"109",
"109",
"125",
"126",
"126",
"122",
"137",
"130",
"138",
"125",
"144",
"146",
"180",
"165",
"145",
"154",
"185",
"161",
"189",
"168",
"174",
"181",
"183",
"208",
"226",
"220",
"242",
"264",
"241",
"256",
"269",
"283",
"271",
"293",
"297",
"311",
"335",
"317",
"343",
"366",
"403",
"373",
"405",
"418",
"435",
"384",
"434",
"443",
"463",
"442",
"439",
"460",
"396",
"422",
"467",
"479",
"488",
"473",
"445",
"509",
"497",
"447",
"472",
"458",
"486",
"452",
"453",
"469",
"451",
"458",
"436",
"421",
"446",
"421",
"407",
"409",
"414",
"376",
"351",
"336",
"386",
"329",
"337",
"364",
"305",
"275",
"283",
"263",
"261",
"230",
"251",
"246",
"220",
"198",
"209",
"201",
"199",
"168",
"177",
"168",
"194",
"159",
"182",
"141",
"160",
"127",
"146",
"164",
"135",
"125",
"130",
"126",
"129",
"103",
"118",
"120",
"96",
"137",
"131",
"101",
"128",
"112",
"99",
"140",
"133",
"133",
"151",
"139",
"159",
"156",
"154",
"173",
"193",
"186",
"218",
"202",
"233",
"232",
"246",
"243",
"270",
"297",
"282",
"273",
"307",
"304",
"311",
"300",
"323",
"293",
"287",
"319",
"302",
"318",
"279",
"341",
"279",
"278",
"256",
"281",
"267",
"263",
"240",
"227",
"217",
"174",
"179",
"173",
"145",
"151",
"154",
"140",
"128",
"105",
"98",
"108",
"104",
"77",
"104",
"79",
"87",
"63",
"75",
"51",
"72",
"68",
"112335",
"Channel_info_start",
"Channel : Mg",
"Points : 0",
"Range : 0.000000 - 0.000000",
"Step : 0.010000",
"Channel_info_end",
"Channel_info_start",
"Channel : Al",
"Points : 0",
"Range : 0.000000 - 0.000000",
"Step : 0.010000",
"Channel_info_end",
"Channel_info_start",
"Channel : Si",
"Points : 0",
"Range : 0.000000 - 0.000000",
"Step : 0.010000",
"Channel_info_end",
"Channel_info_start",
"Channel : P ",
"Points : 0",
"Range : 0.000000 - 0.000000",
"Step : 0.010000",
"Channel_info_end",
"Channel_info_start",
"Channel : S ",
"Points : 0",
"Range : 0.000000 - 0.000000",
"Step : 0.010000",
"Channel_info_end",
"Channel_info_start",
"Channel : Cl",
"Points : 0",
"Range : 0.000000 - 0.000000",
"Step : 0.010000",
"Channel_info_end",
"Channel_info_start",
"Channel : K ",
"Points : 0",
"Range : 0.000000 - 0.000000",
"Step : 0.010000",
"Channel_info_end",
"Channel_info_start",
"Channel : Ca",
"Points : 0",
"Range : 0.000000 - 0.000000",
"Step : 0.010000",
"Channel_info_end",
"Channel_info_start",
"Channel : Ti",
"Points : 0",
"Range : 0.000000 - 0.000000",
"Step : 0.010000",
"Channel_info_end",
"Channel_info_start",
"Channel : V ",
"Points : 0",
"Range : 0.000000 - 0.000000",
"Step : 0.010000",
"Channel_info_end",
"Channel_info_start",
"Channel : Cr",
"Points : 0",
"Range : 0.000000 - 0.000000",
"Step : 0.010000",
"Channel_info_end",
"Channel_info_start",
"Channel : Mn",
"Points : 0",
"Range : 0.000000 - 0.000000",
"Step : 0.010000",
"Channel_info_end",
"Channel_info_start",
"Channel : Fe",
"Points : 0",
"Range : 0.000000 - 0.000000",
"Step : 0.010000",
"Channel_info_end",
"Channel_info_start",
"Channel : Cu",
"Points : 0",
"Range : 0.000000 - 0.000000",
"Step : 0.010000",
"Channel_info_end",
"Channel_info_start",
"Channel : Zn",
"Points : 0",
"Range : 0.000000 - 0.000000",
"Step : 0.010000",
"Channel_info_end",
"Channel_info_start",
"Channel : Sr",
"Points : 0",
"Range : 0.000000 - 0.000000",
"Step : 0.010000",
"Channel_info_end",
"Channel_info_start",
"Channel : Pb",
"Points : 0",
"Range : 0.000000 - 0.000000",
"Step : 0.010000",
"Channel_info_end",
"",
"Qualitative Result",
"--------------------------------------------------------------------------------",
"Element :  Sb, P , Zn, Rh",
"",
"Peak List",
"--------------------------------------------------------------------------------",
"Channel               Line        keV     Net Int.(cps/uA)",
"--------------------------------------------------------------------------------",
"Na                    SbLaESC      1.85     0.025",
"                      P Ka         2.03     0.020",
"                      SbLL         3.20     0.084",
"                      SbLa         3.62     2.494",
"                      SbLb1        3.86     1.519",
"                      SbLb2        4.12     0.290",
"                      SbLg1        4.36     0.116",
"                      SbLg2        4.60     0.100",
"                      ZnKa         8.60     0.024",
"                      RhKaC       19.20     0.107",
"                      ----        19.44     0.064",
"                      RhKa        20.05     0.065",
"--------------------------------------------------------------------------------",
"",
"Quantitative Result",
"--------------------------------------------------------------------------------",
"Analyte               Result             Std.Dev. Proc.-Calc. Line Intensity(cps/uA)",
"--------------------------------------------------------------------------------",
"====[No. 1 Layer]====< Layer1               >===============================",
"Layer1                   0.000 ug/cm2    -------- Flux       -------- --------",
