"Sample    : branco1",
"Operator  : americo",
"Comment  : branco1_micromatter",
"Group     : kerr2007ag360br_cal",
"Date       : 2013-10-09 03:48:21",
"",
"Mesurement Condition",
"------------------------------------------------------------------------------------",
"Instrument : 700HS2   Atmosphere : Vac.   Collimator : 10(mm)   Spin : No",
"------------------------------------------------------------------------------------",
"Analyte               TG kV   uA      FI Acq.(keV)  Anal.(keV)  Time(sec)     DT(%)",
"------------------------------------------------------------------------------------",
"Na                    Rh 50 1000-Auto Al  0 - 20    0.8 - 1.2   Live -  360   12",
"",
"<Profile>",
"Channel_info_start",
"Channel : Na",
"Points : 2048",
"Range : 0.000000 - 20.480000",
"Step : 0.010000",
"Channel_info_end",
"0",
"0",
"0",
"0",
"0",
"0",
"0",
"0",
"0",
"0",
"0",
"0",
"0",
"0",
"0",
"0",
"0",
"0",
"0",
"0",
"0",
"0",
"0",
"0",
"0",
"0",
"0",
"1",
"0",
"3",
"30",
"67",
"68",
"77",
"53",
"77",
"69",
"63",
"60",
"78",
"60",
"76",
"62",
"56",
"78",
"59",
"52",
"56",
"76",
"62",
"68",
"75",
"62",
"76",
"48",
"63",
"68",
"61",
"61",
"74",
"67",
"81",
"59",
"58",
"47",
"62",
"68",
"62",
"60",
"62",
"65",
"61",
"77",
"52",
"54",
"68",
"50",
"68",
"65",
"68",
"53",
"62",
"69",
"60",
"68",
"55",
"64",
"85",
"43",
"64",
"65",
"72",
"67",
"76",
"53",
"69",
"66",
"56",
"57",
"82",
"49",
"63",
"47",
"59",
"73",
"67",
"69",
"51",
"68",
"56",
"53",
"77",
"53",
"72",
"57",
"60",
"48",
"67",
"73",
"62",
"63",
"69",
"56",
"68",
"60",
"58",
"61",
"80",
"59",
"62",
"58",
"61",
"46",
"65",
"66",
"62",
"66",
"57",
"63",
"49",
"73",
"51",
"68",
"76",
"49",
"54",
"72",
"63",
"72",
"71",
"62",
"60",
"74",
"77",
"56",
"66",
"65",
"58",
"65",
"64",
"57",
"63",
"51",
"78",
"52",
"69",
"48",
"62",
"83",
"78",
"58",
"60",
"66",
"63",
"69",
"60",
"49",
"93",
"63",
"86",
"80",
"85",
"73",
"98",
"69",
"78",
"91",
"78",
"100",
"121",
"135",
"167",
"196",
"251",
"240",
"312",
"351",
"406",
"509",
"496",
"584",
"578",
"573",
"576",
"515",
"458",
"416",
"377",
"305",
"227",
"194",
"135",
"115",
"112",
"74",
"101",
"88",
"85",
"74",
"66",
"64",
"69",
"57",
"60",
"53",
"58",
"69",
"65",
"55",
"60",
"51",
"48",
"48",
"59",
"58",
"51",
"43",
"44",
"52",
"42",
"44",
"48",
"53",
"51",
"48",
"51",
"38",
"53",
"45",
"50",
"43",
"43",
"43",
"50",
"40",
"52",
"46",
"45",
"51",
"51",
"40",
"51",
"54",
"57",
"74",
"54",
"63",
"94",
"87",
"80",
"78",
"86",
"75",
"94",
"63",
"65",
"77",
"69",
"59",
"57",
"77",
"78",
"76",
"98",
"69",
"84",
"80",
"93",
"61",
"87",
"68",
"77",
"73",
"73",
"58",
"50",
"72",
"77",
"67",
"72",
"47",
"79",
"61",
"71",
"79",
"59",
"61",
"63",
"66",
"73",
"59",
"60",
"72",
"71",
"69",
"71",
"84",
"82",
"62",
"73",
"90",
"73",
"99",
"81",
"74",
"81",
"77",
"82",
"75",
"67",
"75",
"76",
"66",
"86",
"85",
"67",
"89",
"77",
"83",
"66",
"86",
"74",
"82",
"96",
"84",
"102",
"95",
"120",
"117",
"129",
"148",
"188",
"199",
"258",
"328",
"385",
"511",
"709",
"864",
"1175",
"1583",
"2113",
"2415",
"3107",
"3760",
"4332",
"4806",
"5618",
"5629",
"6203",
"6159",
"6216",
"5931",
"5680",
"4881",
"4433",
"3813",
"3242",
"2490",
"2058",
"1503",
"1216",
"911",
"721",
"484",
"409",
"352",
"347",
"329",
"348",
"312",
"364",
"380",
"454",
"457",
"505",
"580",
"661",
"721",
"777",
"816",
"913",
"849",
"846",
"809",
"813",
"737",
"697",
"608",
"522",
"489",
"444",
"325",
"306",
"256",
"250",
"190",
"193",
"156",
"157",
"151",
"150",
"124",
"126",
"154",
"164",
"121",
"162",
"150",
"185",
"176",
"211",
"163",
"210",
"184",
"204",
"198",
"247",
"188",
"214",
"266",
"263",
"235",
"252",
"237",
"270",
"277",
"288",
"291",
"294",
"303",
"290",
"293",
"322",
"304",
"328",
"285",
"314",
"282",
"320",
"292",
"291",
"266",
"311",
"280",
"260",
"241",
"274",
"240",
"264",
"224",
"233",
"232",
"254",
"240",
"228",
"222",
"228",
"200",
"250",
"195",
"242",
"181",
"203",
"204",
"215",
"197",
"216",
"205",
"198",
"194",
"193",
"203",
"205",
"193",
"202",
"199",
"201",
"211",
"193",
"206",
"205",
"185",
"212",
"232",
"190",
"211",
"209",
"227",
"209",
"206",
"236",
"164",
"203",
"194",
"216",
"196",
"200",
"196",
"206",
"227",
"214",
"227",
"206",
"215",
"212",
"216",
"226",
"212",
"226",
"208",
"247",
"229",
"237",
"241",
"254",
"232",
"243",
"203",
"248",
"257",
"236",
"242",
"285",
"235",
"270",
"269",
"259",
"260",
"195",
"251",
"271",
"243",
"238",
"260",
"260",
"277",
"239",
"233",
"257",
"234",
"281",
"269",
"294",
"242",
"277",
"234",
"278",
"256",
"268",
"260",
"306",
"298",
"301",
"267",
"315",
"260",
"312",
"288",
"312",
"272",
"291",
"298",
"297",
"332",
"307",
"327",
"336",
"322",
"360",
"332",
"366",
"308",
"360",
"299",
"333",
"320",
"354",
"358",
"354",
"299",
"397",
"364",
"345",
"348",
"365",
"372",
"410",
"393",
"382",
"334",
"399",
"401",
"400",
"406",
"383",
"390",
"410",
"359",
"414",
"425",
"409",
"406",
"416",
"416",
"443",
"409",
"454",
"456",
"432",
"424",
"447",
"444",
"473",
"453",
"453",
"510",
"480",
"477",
"524",
"506",
"490",
"494",
"558",
"508",
"522",
"475",
"469",
"489",
"459",
"449",
"469",
"464",
"516",
"462",
"485",
"461",
"480",
"465",
"482",
"450",
"444",
"436",
"450",
"446",
"452",
"483",
"491",
"447",
"497",
"490",
"495",
"481",
"482",
"474",
"517",
"479",
"548",
"478",
"496",
"503",
"493",
"459",
"508",
"542",
"531",
"504",
"530",
"496",
"525",
"454",
"506",
"502",
"533",
"476",
"545",
"481",
"533",
"498",
"503",
"512",
"510",
"450",
"504",
"484",
"524",
"455",
"487",
"510",
"505",
"484",
"458",
"500",
"529",
"451",
"502",
"497",
"508",
"470",
"458",
"494",
"451",
"463",
"480",
"470",
"497",
"470",
"427",
"436",
"473",
"491",
"483",
"454",
"466",
"474",
"470",
"450",
"513",
"462",
"514",
"481",
"508",
"484",
"494",
"510",
"488",
"471",
"453",
"464",
"495",
"453",
"507",
"486",
"460",
"451",
"514",
"446",
"471",
"460",
"491",
"494",
"477",
"460",
"517",
"467",
"461",
"488",
"500",
"489",
"487",
"497",
"561",
"520",
"480",
"501",
"512",
"538",
"548",
"464",
"515",
"552",
"559",
"540",
"613",
"561",
"574",
"554",
"556",
"607",
"655",
"570",
"591",
"626",
"626",
"588",
"631",
"590",
"661",
"684",
"712",
"644",
"725",
"673",
"710",
"641",
"719",
"681",
"627",
"691",
"672",
"609",
"638",
"605",
"566",
"581",
"592",
"543",
"563",
"510",
"568",
"534",
"565",
"536",
"523",
"514",
"572",
"530",
"485",
"495",
"453",
"512",
"513",
"493",
"535",
"552",
"470",
"510",
"538",
"511",
"492",
"492",
"521",
"510",
"560",
"550",
"532",
"517",
"578",
"488",
"571",
"567",
"583",
"600",
"632",
"645",
"676",
"647",
"732",
"718",
"751",
"824",
"853",
"817",
"839",
"821",
"847",
"806",
"836",
"836",
"805",
"735",
"726",
"752",
"672",
"669",
"630",
"605",
"612",
"560",
"570",
"581",
"575",
"525",
"569",
"515",
"514",
"534",
"543",
"559",
"565",
"493",
"494",
"551",
"536",
"485",
"552",
"589",
"530",
"509",
"495",
"508",
"513",
"499",
"546",
"509",
"506",
"483",
"490",
"507",
"508",
"498",
"521",
"476",
"528",
"486",
"515",
"502",
"505",
"479",
"537",
"501",
"491",
"474",
"498",
"493",
"520",
"492",
"533",
"479",
"523",
"427",
"561",
"504",
"530",
"449",
"499",
"518",
"485",
"463",
"523",
"542",
"502",
"503",
"538",
"483",
"556",
"507",
"502",
"507",
"507",
"466",
"552",
"515",
"525",
"479",
"511",
"544",
"578",
"539",
"508",
"608",
"638",
"535",
"534",
"537",
"525",
"523",
"523",
"504",
"538",
"548",
"558",
"475",
"522",
"474",
"501",
"460",
"530",
"461",
"500",
"466",
"510",
"484",
"457",
"466",
"469",
"473",
"498",
"506",
"485",
"489",
"480",
"516",
"528",
"469",
"502",
"511",
"459",
"525",
"434",
"441",
"519",
"471",
"450",
"505",
"519",
"470",
"491",
"484",
"486",
"533",
"497",
"465",
"517",
"448",
"485",
"503",
"498",
"441",
"495",
"499",
"518",
"452",
"549",
"491",
"503",
"473",
"481",
"484",
"534",
"466",
"479",
"493",
"528",
"491",
"482",
"491",
"481",
"490",
"496",
"499",
"526",
"425",
"496",
"509",
"498",
"470",
"490",
"508",
"498",
"501",
"461",
"497",
"483",
"473",
"511",
"448",
"501",
"465",
"515",
"461",
"516",
"457",
"483",
"472",
"520",
"459",
"479",
"515",
"491",
"473",
"512",
"458",
"463",
"469",
"507",
"462",
"515",
"487",
"471",
"477",
"536",
"466",
"468",
"499",
"516",
"451",
"466",
"449",
"526",
"471",
"520",
"462",
"505",
"464",
"504",
"457",
"483",
"476",
"501",
"489",
"526",
"492",
"450",
"466",
"555",
"454",
"495",
"488",
"500",
"460",
"455",
"483",
"496",
"479",
"451",
"452",
"490",
"462",
"472",
"499",
"486",
"447",
"511",
"416",
"475",
"467",
"481",
"507",
"479",
"474",
"480",
"511",
"462",
"420",
"481",
"471",
"481",
"487",
"494",
"437",
"496",
"430",
"461",
"479",
"480",
"463",
"463",
"494",
"481",
"485",
"509",
"448",
"463",
"491",
"499",
"466",
"427",
"474",
"482",
"487",
"471",
"422",
"452",
"418",
"489",
"403",
"504",
"427",
"477",
"449",
"482",
"463",
"496",
"443",
"453",
"497",
"458",
"504",
"475",
"500",
"498",
"462",
"405",
"471",
"456",
"422",
"462",
"440",
"437",
"475",
"464",
"409",
"451",
"440",
"460",
"460",
"437",
"457",
"486",
"429",
"444",
"425",
"457",
"471",
"459",
"409",
"465",
"443",
"459",
"442",
"426",
"446",
"480",
"427",
"465",
"434",
"514",
"416",
"435",
"427",
"441",
"479",
"440",
"437",
"453",
"412",
"418",
"445",
"428",
"428",
"441",
"447",
"457",
"441",
"447",
"450",
"454",
"452",
"415",
"442",
"458",
"433",
"433",
"418",
"464",
"428",
"413",
"495",
"471",
"439",
"442",
"451",
"413",
"433",
"472",
"446",
"471",
"410",
"425",
"448",
"468",
"469",
"479",
"448",
"441",
"437",
"421",
"381",
"462",
"369",
"451",
"434",
"455",
"405",
"432",
"437",
"415",
"423",
"449",
"457",
"425",
"425",
"440",
"458",
"434",
"398",
"421",
"419",
"452",
"451",
"403",
"440",
"445",
"441",
"451",
"431",
"470",
"405",
"414",
"434",
"444",
"426",
"403",
"446",
"419",
"414",
"465",
"438",
"411",
"436",
"414",
"416",
"402",
"407",
"417",
"440",
"423",
"407",
"402",
"399",
"451",
"411",
"439",
"418",
"403",
"442",
"434",
"405",
"469",
"444",
"401",
"382",
"422",
"390",
"404",
"420",
"414",
"369",
"424",
"433",
"397",
"417",
"443",
"375",
"406",
"394",
"441",
"404",
"384",
"389",
"403",
"401",
"432",
"408",
"412",
"403",
"400",
"369",
"449",
"391",
"443",
"396",
"437",
"430",
"422",
"379",
"381",
"420",
"400",
"364",
"411",
"422",
"436",
"390",
"407",
"430",
"418",
"402",
"427",
"405",
"438",
"433",
"416",
"408",
"382",
"430",
"386",
"393",
"384",
"387",
"402",
"382",
"416",
"381",
"413",
"419",
"402",
"400",
"385",
"399",
"404",
"382",
"402",
"360",
"378",
"431",
"353",
"430",
"440",
"362",
"373",
"365",
"372",
"408",
"413",
"373",
"427",
"360",
"388",
"397",
"406",
"405",
"390",
"384",
"405",
"371",
"368",
"390",
"396",
"400",
"416",
"424",
"406",
"354",
"373",
"381",
"401",
"349",
"358",
"374",
"350",
"366",
"389",
"361",
"395",
"376",
"436",
"373",
"356",
"348",
"346",
"415",
"405",
"324",
"400",
"359",
"375",
"367",
"358",
"375",
"383",
"335",
"371",
"386",
"393",
"371",
"345",
"376",
"352",
"384",
"377",
"370",
"358",
"362",
"341",
"345",
"380",
"339",
"378",
"383",
"385",
"377",
"394",
"350",
"380",
"374",
"350",
"329",
"382",
"340",
"333",
"351",
"374",
"346",
"367",
"382",
"332",
"349",
"357",
"384",
"345",
"369",
"354",
"377",
"354",
"363",
"358",
"390",
"337",
"331",
"371",
"354",
"361",
"333",
"344",
"358",
"360",
"339",
"331",
"377",
"377",
"328",
"352",
"350",
"329",
"331",
"336",
"346",
"363",
"357",
"359",
"359",
"334",
"342",
"360",
"395",
"350",
"321",
"341",
"359",
"342",
"339",
"352",
"361",
"370",
"297",
"351",
"353",
"383",
"350",
"340",
"348",
"358",
"339",
"329",
"336",
"317",
"333",
"349",
"342",
"335",
"336",
"297",
"376",
"336",
"324",
"344",
"331",
"350",
"343",
"376",
"383",
"371",
"363",
"368",
"312",
"321",
"326",
"292",
"365",
"312",
"317",
"364",
"323",
"346",
"321",
"360",
"280",
"315",
"316",
"326",
"348",
"335",
"362",
"328",
"370",
"328",
"302",
"334",
"324",
"354",
"330",
"334",
"322",
"355",
"319",
"355",
"351",
"307",
"310",
"349",
"331",
"318",
"308",
"332",
"319",
"349",
"341",
"316",
"330",
"323",
"335",
"321",
"321",
"312",
"336",
"354",
"337",
"334",
"319",
"323",
"335",
"369",
"288",
"323",
"355",
"316",
"314",
"308",
"331",
"326",
"335",
"319",
"360",
"320",
"329",
"318",
"348",
"316",
"323",
"325",
"311",
"320",
"316",
"317",
"321",
"320",
"285",
"316",
"346",
"319",
"319",
"308",
"342",
"330",
"318",
"334",
"317",
"354",
"287",
"319",
"338",
"363",
"289",
"307",
"320",
"317",
"289",
"328",
"312",
"347",
"304",
"327",
"310",
"311",
"335",
"331",
"309",
"320",
"301",
"345",
"331",
"280",
"314",
"293",
"324",
"334",
"262",
"305",
"286",
"311",
"279",
"306",
"317",
"320",
"314",
"301",
"338",
"289",
"321",
"322",
"311",
"310",
"312",
"297",
"305",
"310",
"277",
"303",
"332",
"339",
"282",
"311",
"312",
"307",
"297",
"307",
"318",
"296",
"276",
"300",
"327",
"326",
"305",
"331",
"328",
"339",
"279",
"318",
"323",
"318",
"314",
"336",
"287",
"293",
"303",
"330",
"311",
"341",
"293",
"327",
"326",
"322",
"316",
"346",
"306",
"342",
"288",
"310",
"337",
"299",
"299",
"293",
"305",
"308",
"292",
"292",
"317",
"317",
"296",
"320",
"328",
"294",
"317",
"288",
"306",
"329",
"316",
"360",
"319",
"356",
"305",
"306",
"317",
"299",
"315",
"320",
"304",
"344",
"316",
"291",
"338",
"343",
"307",
"334",
"334",
"332",
"305",
"337",
"333",
"347",
"315",
"323",
"342",
"358",
"308",
"368",
"303",
"351",
"357",
"323",
"332",
"342",
"330",
"356",
"329",
"342",
"319",
"354",
"358",
"344",
"340",
"376",
"357",
"362",
"380",
"359",
"338",
"419",
"362",
"357",
"377",
"410",
"386",
"377",
"377",
"384",
"344",
"404",
"369",
"388",
"389",
"383",
"395",
"431",
"383",
"409",
"444",
"465",
"434",
"441",
"457",
"499",
"440",
"461",
"523",
"489",
"497",
"473",
"484",
"533",
"519",
"543",
"521",
"551",
"531",
"583",
"606",
"609",
"625",
"640",
"686",
"691",
"652",
"780",
"786",
"801",
"784",
"771",
"866",
"911",
"935",
"931",
"983",
"1041",
"1062",
"1066",
"1204",
"1198",
"1189",
"1298",
"1300",
"1453",
"1350",
"1409",
"1568",
"1621",
"1528",
"1627",
"1726",
"1815",
"1773",
"1821",
"1866",
"1981",
"1909",
"2001",
"2035",
"2179",
"2076",
"2100",
"2218",
"2251",
"2161",
"2249",
"2307",
"2316",
"2214",
"2249",
"2496",
"2305",
"2263",
"2313",
"2166",
"2277",
"2186",
"2196",
"2177",
"2218",
"2125",
"2067",
"2047",
"2092",
"1901",
"1972",
"1859",
"1870",
"1845",
"1758",
"1626",
"1663",
"1535",
"1546",
"1573",
"1483",
"1338",
"1306",
"1340",
"1267",
"1262",
"1098",
"1184",
"1147",
"1024",
"988",
"1002",
"979",
"870",
"856",
"810",
"788",
"696",
"750",
"719",
"676",
"626",
"592",
"630",
"619",
"555",
"583",
"522",
"501",
"545",
"490",
"506",
"513",
"466",
"485",
"453",
"488",
"471",
"457",
"531",
"466",
"439",
"450",
"498",
"493",
"498",
"523",
"572",
"585",
"559",
"517",
"641",
"640",
"661",
"710",
"759",
"735",
"750",
"732",
"758",
"842",
"822",
"770",
"858",
"834",
"806",
"827",
"871",
"876",
"821",
"751",
"858",
"790",
"792",
"700",
"757",
"717",
"641",
"643",
"633",
"578",
"550",
"551",
"516",
"488",
"420",
"426",
"442",
"378",
"390",
"390",
"353",
"350",
"300",
"319",
"301",
"307",
"344",
"295",
"294",
"315",
"284",
"154217",
"Channel_info_start",
"Channel : Mg",
"Points : 0",
"Range : 0.000000 - 0.000000",
"Step : 0.010000",
"Channel_info_end",
"Channel_info_start",
"Channel : Al",
"Points : 0",
"Range : 0.000000 - 0.000000",
"Step : 0.010000",
"Channel_info_end",
"Channel_info_start",
"Channel : Si",
"Points : 0",
"Range : 0.000000 - 0.000000",
"Step : 0.010000",
"Channel_info_end",
"Channel_info_start",
"Channel : P ",
"Points : 0",
"Range : 0.000000 - 0.000000",
"Step : 0.010000",
"Channel_info_end",
"Channel_info_start",
"Channel : S ",
"Points : 0",
"Range : 0.000000 - 0.000000",
"Step : 0.010000",
"Channel_info_end",
"Channel_info_start",
"Channel : Cl",
"Points : 0",
"Range : 0.000000 - 0.000000",
"Step : 0.010000",
"Channel_info_end",
"Channel_info_start",
"Channel : K ",
"Points : 0",
"Range : 0.000000 - 0.000000",
"Step : 0.010000",
"Channel_info_end",
"Channel_info_start",
"Channel : Ca",
"Points : 0",
"Range : 0.000000 - 0.000000",
"Step : 0.010000",
"Channel_info_end",
"Channel_info_start",
"Channel : Ti",
"Points : 0",
"Range : 0.000000 - 0.000000",
"Step : 0.010000",
"Channel_info_end",
"Channel_info_start",
"Channel : V ",
"Points : 0",
"Range : 0.000000 - 0.000000",
"Step : 0.010000",
"Channel_info_end",
"Channel_info_start",
"Channel : Cr",
"Points : 0",
"Range : 0.000000 - 0.000000",
"Step : 0.010000",
"Channel_info_end",
"Channel_info_start",
"Channel : Mn",
"Points : 0",
"Range : 0.000000 - 0.000000",
"Step : 0.010000",
"Channel_info_end",
"Channel_info_start",
"Channel : Fe",
"Points : 0",
"Range : 0.000000 - 0.000000",
"Step : 0.010000",
"Channel_info_end",
"Channel_info_start",
"Channel : Cu",
"Points : 0",
"Range : 0.000000 - 0.000000",
"Step : 0.010000",
"Channel_info_end",
"Channel_info_start",
"Channel : Zn",
"Points : 0",
"Range : 0.000000 - 0.000000",
"Step : 0.010000",
"Channel_info_end",
"Channel_info_start",
"Channel : Sr",
"Points : 0",
"Range : 0.000000 - 0.000000",
"Step : 0.010000",
"Channel_info_end",
"Channel_info_start",
"Channel : Pb",
"Points : 0",
"Range : 0.000000 - 0.000000",
"Step : 0.010000",
"Channel_info_end",
"",
"Qualitative Result",
"--------------------------------------------------------------------------------",
"Element :  P , Ca, Zn, Ru",
"",
"Peak List",
"--------------------------------------------------------------------------------",
"Channel               Line        keV     Net Int.(cps/uA)",
"--------------------------------------------------------------------------------",
"Na                    P Ka         2.01     0.018",
"                      CaKa         3.70     0.235",
"                      CaKb         4.02     0.029",
"                      ----         4.54     0.006",
"                      ----         8.02     0.010",
"                      ZnKa         8.64     0.016",
"                      RuKa        19.20     0.105",
"--------------------------------------------------------------------------------",
"",
"Quantitative Result",
"--------------------------------------------------------------------------------",
"Analyte               Result             Std.Dev. Proc.-Calc. Line Intensity(cps/uA)",
"--------------------------------------------------------------------------------",
"====[No. 1 Layer]====< Layer1               >===============================",
"Layer1                   0.000 ug/cm2    -------- Flux       -------- --------",
