"Sample    : GPE 774 MS",
"Operator  : ",
"Comment  : ",
"Group     : thiago_acra2010ma",
"Date       : 2010-07-13 13:14:43",
"",
"Mesurement Condition",
"------------------------------------------------------------------------------------",
"Instrument : 700HS2   Atmosphere : Vac.   Collimator : 10(mm)   Spin : No",
"------------------------------------------------------------------------------------",
"Analyte               TG kV   uA      FI Acq.(keV)  Anal.(keV)  Time(sec)     DT(%)",
"------------------------------------------------------------------------------------",
"Na                    Rh 50 1000-Auto Al  0 - 20    0.8 - 1.2   Live -  960    8",
"",
"<Profile>",
"Channel_info_start",
"Channel : Na",
"Points : 2048",
"Range : 0.000000 - 20.480000",
"Step : 0.010000",
"Channel_info_end",
"0",
"0",
"0",
"0",
"0",
"0",
"0",
"0",
"0",
"0",
"0",
"0",
"0",
"0",
"0",
"0",
"0",
"0",
"0",
"0",
"0",
"0",
"0",
"0",
"0",
"0",
"0",
"4",
"2",
"10",
"55",
"148",
"145",
"144",
"113",
"149",
"151",
"134",
"123",
"159",
"148",
"118",
"135",
"162",
"138",
"126",
"134",
"154",
"145",
"136",
"164",
"135",
"117",
"123",
"136",
"161",
"168",
"143",
"161",
"195",
"183",
"228",
"287",
"328",
"318",
"359",
"342",
"373",
"334",
"381",
"289",
"316",
"245",
"239",
"204",
"156",
"157",
"159",
"133",
"163",
"116",
"143",
"121",
"121",
"127",
"138",
"130",
"125",
"114",
"138",
"136",
"103",
"127",
"145",
"116",
"142",
"121",
"115",
"149",
"129",
"116",
"129",
"111",
"127",
"134",
"139",
"118",
"137",
"132",
"161",
"119",
"120",
"116",
"134",
"121",
"122",
"140",
"122",
"138",
"132",
"148",
"117",
"101",
"146",
"137",
"126",
"129",
"157",
"117",
"154",
"123",
"144",
"140",
"125",
"98",
"138",
"133",
"133",
"110",
"109",
"123",
"132",
"106",
"140",
"114",
"136",
"129",
"143",
"140",
"146",
"129",
"154",
"134",
"123",
"148",
"128",
"132",
"115",
"111",
"120",
"117",
"122",
"127",
"109",
"106",
"117",
"132",
"123",
"110",
"121",
"115",
"118",
"119",
"134",
"99",
"109",
"122",
"123",
"102",
"100",
"113",
"118",
"99",
"123",
"109",
"114",
"98",
"122",
"98",
"115",
"92",
"130",
"96",
"98",
"114",
"100",
"94",
"92",
"91",
"106",
"92",
"120",
"104",
"119",
"98",
"102",
"106",
"130",
"108",
"100",
"95",
"112",
"99",
"101",
"113",
"94",
"109",
"102",
"104",
"96",
"87",
"102",
"90",
"116",
"80",
"95",
"88",
"96",
"102",
"102",
"93",
"115",
"101",
"113",
"100",
"122",
"91",
"102",
"85",
"100",
"88",
"95",
"103",
"115",
"96",
"106",
"92",
"105",
"103",
"88",
"87",
"82",
"102",
"106",
"89",
"123",
"106",
"110",
"89",
"115",
"98",
"118",
"119",
"112",
"135",
"119",
"106",
"140",
"128",
"125",
"134",
"146",
"159",
"147",
"123",
"143",
"125",
"145",
"135",
"129",
"124",
"143",
"126",
"138",
"146",
"165",
"121",
"149",
"154",
"142",
"149",
"159",
"140",
"141",
"147",
"119",
"100",
"135",
"125",
"119",
"125",
"111",
"118",
"113",
"105",
"108",
"123",
"106",
"104",
"110",
"87",
"118",
"91",
"123",
"93",
"108",
"112",
"115",
"113",
"111",
"97",
"102",
"90",
"105",
"98",
"109",
"96",
"88",
"119",
"124",
"132",
"121",
"117",
"105",
"117",
"121",
"122",
"113",
"121",
"119",
"116",
"137",
"113",
"138",
"124",
"121",
"109",
"141",
"136",
"135",
"106",
"121",
"133",
"144",
"123",
"137",
"128",
"118",
"121",
"122",
"120",
"132",
"157",
"111",
"163",
"144",
"139",
"146",
"139",
"146",
"143",
"140",
"132",
"151",
"159",
"152",
"145",
"174",
"164",
"144",
"171",
"140",
"170",
"166",
"158",
"176",
"156",
"167",
"189",
"194",
"169",
"172",
"189",
"175",
"182",
"215",
"193",
"211",
"190",
"229",
"195",
"188",
"170",
"212",
"210",
"220",
"211",
"224",
"227",
"235",
"228",
"234",
"205",
"243",
"212",
"234",
"224",
"234",
"225",
"265",
"259",
"247",
"239",
"266",
"266",
"239",
"261",
"275",
"281",
"283",
"273",
"268",
"281",
"296",
"260",
"282",
"299",
"283",
"263",
"273",
"269",
"270",
"281",
"294",
"293",
"314",
"320",
"288",
"323",
"308",
"297",
"350",
"285",
"345",
"313",
"347",
"320",
"315",
"331",
"381",
"349",
"380",
"342",
"379",
"332",
"374",
"368",
"404",
"371",
"415",
"401",
"435",
"415",
"436",
"409",
"452",
"390",
"426",
"406",
"438",
"452",
"453",
"432",
"410",
"429",
"498",
"453",
"489",
"470",
"447",
"456",
"442",
"438",
"458",
"429",
"510",
"474",
"453",
"443",
"467",
"455",
"485",
"422",
"452",
"479",
"449",
"449",
"504",
"495",
"464",
"497",
"501",
"494",
"490",
"500",
"442",
"496",
"476",
"497",
"515",
"493",
"508",
"494",
"494",
"510",
"587",
"495",
"565",
"547",
"562",
"550",
"596",
"556",
"613",
"539",
"646",
"619",
"627",
"576",
"586",
"625",
"668",
"606",
"647",
"671",
"652",
"622",
"646",
"656",
"728",
"652",
"664",
"647",
"704",
"620",
"691",
"676",
"694",
"675",
"706",
"675",
"695",
"658",
"738",
"712",
"702",
"686",
"760",
"693",
"713",
"714",
"722",
"708",
"789",
"705",
"825",
"743",
"731",
"745",
"771",
"775",
"772",
"769",
"812",
"752",
"787",
"787",
"834",
"788",
"847",
"775",
"860",
"811",
"852",
"831",
"865",
"889",
"868",
"845",
"880",
"857",
"899",
"880",
"910",
"884",
"959",
"875",
"962",
"899",
"956",
"878",
"966",
"931",
"960",
"927",
"945",
"968",
"1004",
"910",
"983",
"990",
"1031",
"958",
"985",
"1001",
"1029",
"1016",
"1017",
"1016",
"1040",
"1054",
"1082",
"1097",
"1133",
"1124",
"1119",
"1086",
"1175",
"1113",
"1252",
"1059",
"1193",
"1137",
"1206",
"1209",
"1184",
"1200",
"1230",
"1133",
"1235",
"1135",
"1184",
"1087",
"1186",
"1102",
"1163",
"1100",
"1181",
"1095",
"1218",
"1191",
"1215",
"1136",
"1147",
"1119",
"1162",
"1163",
"1149",
"1167",
"1225",
"1127",
"1244",
"1220",
"1238",
"1219",
"1239",
"1194",
"1206",
"1181",
"1283",
"1177",
"1271",
"1136",
"1229",
"1165",
"1255",
"1176",
"1230",
"1200",
"1356",
"1242",
"1278",
"1206",
"1334",
"1283",
"1297",
"1262",
"1302",
"1239",
"1277",
"1308",
"1340",
"1198",
"1307",
"1279",
"1343",
"1271",
"1337",
"1285",
"1362",
"1261",
"1304",
"1289",
"1330",
"1279",
"1343",
"1277",
"1347",
"1233",
"1284",
"1301",
"1359",
"1247",
"1341",
"1266",
"1352",
"1279",
"1305",
"1287",
"1328",
"1233",
"1303",
"1259",
"1277",
"1265",
"1264",
"1355",
"1317",
"1274",
"1333",
"1279",
"1340",
"1283",
"1355",
"1307",
"1241",
"1258",
"1337",
"1296",
"1305",
"1270",
"1321",
"1250",
"1341",
"1257",
"1211",
"1294",
"1282",
"1181",
"1265",
"1208",
"1369",
"1292",
"1263",
"1240",
"1377",
"1256",
"1352",
"1320",
"1359",
"1261",
"1307",
"1282",
"1307",
"1244",
"1255",
"1272",
"1367",
"1307",
"1301",
"1321",
"1283",
"1260",
"1419",
"1253",
"1335",
"1389",
"1331",
"1358",
"1358",
"1355",
"1362",
"1455",
"1449",
"1353",
"1411",
"1548",
"1512",
"1478",
"1549",
"1497",
"1674",
"1595",
"1619",
"1543",
"1605",
"1599",
"1548",
"1504",
"1514",
"1440",
"1445",
"1509",
"1404",
"1400",
"1452",
"1310",
"1321",
"1249",
"1250",
"1262",
"1321",
"1136",
"1150",
"1168",
"1222",
"1164",
"1164",
"1160",
"1168",
"1192",
"1230",
"1124",
"1245",
"1123",
"1154",
"1195",
"1092",
"1085",
"1178",
"1201",
"1185",
"1145",
"1137",
"1127",
"1193",
"1118",
"1244",
"1098",
"1223",
"1105",
"1218",
"1101",
"1207",
"1109",
"1206",
"1200",
"1205",
"1126",
"1192",
"1225",
"1274",
"1202",
"1142",
"1249",
"1323",
"1240",
"1260",
"1219",
"1221",
"1175",
"1235",
"1197",
"1177",
"1143",
"1223",
"1097",
"1147",
"1136",
"1193",
"1056",
"1146",
"1104",
"1188",
"1118",
"1088",
"1055",
"1117",
"1149",
"1180",
"1174",
"1130",
"1134",
"1162",
"1124",
"1152",
"1247",
"1163",
"1061",
"1170",
"1129",
"1233",
"1074",
"1101",
"1080",
"1077",
"1036",
"1082",
"1043",
"1097",
"1040",
"1147",
"1069",
"1133",
"995",
"1104",
"1103",
"1079",
"1010",
"1129",
"1030",
"1142",
"1009",
"1068",
"1074",
"1088",
"1104",
"1133",
"1114",
"995",
"1019",
"1105",
"1041",
"1058",
"1047",
"1093",
"1100",
"1114",
"1059",
"1074",
"1071",
"1100",
"968",
"1088",
"1074",
"1065",
"956",
"1009",
"1024",
"1112",
"1003",
"1075",
"1071",
"1088",
"1077",
"1061",
"1053",
"1083",
"1007",
"1010",
"1100",
"1087",
"1081",
"1038",
"1096",
"1062",
"1017",
"1138",
"1036",
"1089",
"1035",
"1131",
"976",
"1087",
"999",
"964",
"1029",
"1099",
"985",
"1079",
"1016",
"1029",
"990",
"1038",
"1001",
"1127",
"1008",
"1011",
"1053",
"1058",
"995",
"1007",
"1097",
"1040",
"987",
"1061",
"1093",
"1024",
"1055",
"1009",
"994",
"1065",
"987",
"1004",
"997",
"1019",
"1004",
"1004",
"1065",
"1039",
"992",
"1064",
"1020",
"1066",
"938",
"1111",
"1087",
"1098",
"962",
"1039",
"1045",
"1052",
"986",
"1168",
"993",
"1068",
"968",
"1036",
"996",
"1032",
"975",
"1110",
"1072",
"1095",
"1033",
"1074",
"1018",
"1076",
"1059",
"1103",
"1017",
"1062",
"1047",
"1032",
"1054",
"1117",
"1038",
"1043",
"995",
"1020",
"1003",
"1009",
"1027",
"1063",
"1020",
"1074",
"1072",
"1087",
"985",
"1082",
"1000",
"1076",
"993",
"1072",
"1136",
"1063",
"1041",
"1072",
"1083",
"1099",
"992",
"1023",
"1064",
"1141",
"1078",
"1137",
"1059",
"1064",
"1024",
"1070",
"1120",
"1066",
"1009",
"1101",
"1056",
"1131",
"990",
"1061",
"1020",
"1072",
"1005",
"1123",
"1048",
"1079",
"1004",
"1086",
"1026",
"1149",
"995",
"1085",
"1091",
"1023",
"1051",
"1095",
"1096",
"1103",
"1028",
"1023",
"1026",
"1059",
"1042",
"1081",
"1085",
"1086",
"1050",
"1053",
"1079",
"1061",
"1072",
"1090",
"1071",
"1104",
"1028",
"1040",
"1089",
"1001",
"1040",
"1051",
"1047",
"1114",
"992",
"1030",
"1053",
"1032",
"1089",
"1125",
"1089",
"1054",
"985",
"1048",
"1057",
"1061",
"960",
"1010",
"1083",
"1038",
"984",
"1083",
"1055",
"1101",
"1009",
"1142",
"969",
"1086",
"1009",
"1087",
"1066",
"1065",
"1011",
"1106",
"969",
"1046",
"993",
"1094",
"1050",
"1074",
"1009",
"1140",
"1017",
"1095",
"959",
"1067",
"1048",
"1054",
"949",
"1004",
"1047",
"1034",
"1010",
"1038",
"984",
"1034",
"958",
"1019",
"985",
"1078",
"1027",
"998",
"1021",
"1006",
"974",
"962",
"958",
"1008",
"954",
"997",
"1003",
"1005",
"947",
"1015",
"977",
"991",
"958",
"986",
"1003",
"1007",
"964",
"1014",
"985",
"933",
"982",
"1018",
"993",
"962",
"975",
"951",
"1022",
"983",
"942",
"912",
"908",
"967",
"933",
"933",
"905",
"1053",
"936",
"992",
"1005",
"1003",
"960",
"982",
"902",
"993",
"932",
"990",
"920",
"885",
"918",
"942",
"950",
"974",
"882",
"929",
"968",
"973",
"910",
"928",
"1022",
"934",
"923",
"940",
"937",
"962",
"931",
"991",
"980",
"967",
"926",
"923",
"945",
"923",
"961",
"943",
"940",
"1015",
"866",
"927",
"897",
"975",
"896",
"860",
"958",
"906",
"913",
"899",
"930",
"981",
"939",
"1004",
"910",
"923",
"904",
"915",
"921",
"931",
"922",
"972",
"970",
"886",
"880",
"924",
"925",
"961",
"883",
"925",
"827",
"919",
"882",
"869",
"900",
"974",
"901",
"933",
"887",
"958",
"881",
"949",
"948",
"944",
"905",
"973",
"937",
"945",
"857",
"841",
"892",
"933",
"829",
"887",
"926",
"883",
"858",
"922",
"851",
"864",
"880",
"950",
"938",
"896",
"841",
"960",
"901",
"955",
"821",
"939",
"879",
"932",
"872",
"879",
"854",
"889",
"860",
"936",
"970",
"895",
"837",
"967",
"866",
"952",
"847",
"877",
"901",
"951",
"788",
"904",
"837",
"921",
"836",
"929",
"847",
"890",
"868",
"900",
"900",
"884",
"824",
"864",
"892",
"927",
"856",
"853",
"911",
"947",
"863",
"858",
"873",
"879",
"812",
"887",
"855",
"856",
"886",
"939",
"869",
"871",
"864",
"924",
"863",
"857",
"900",
"845",
"859",
"855",
"800",
"853",
"916",
"850",
"825",
"889",
"929",
"902",
"852",
"831",
"875",
"888",
"848",
"791",
"924",
"881",
"783",
"879",
"832",
"817",
"791",
"862",
"825",
"900",
"811",
"860",
"851",
"827",
"806",
"832",
"858",
"868",
"817",
"833",
"866",
"818",
"799",
"795",
"839",
"840",
"783",
"796",
"784",
"845",
"805",
"848",
"865",
"862",
"777",
"802",
"778",
"837",
"830",
"826",
"854",
"797",
"793",
"860",
"835",
"853",
"752",
"777",
"813",
"829",
"768",
"781",
"782",
"808",
"799",
"769",
"793",
"848",
"769",
"740",
"837",
"849",
"800",
"781",
"786",
"831",
"731",
"766",
"826",
"773",
"756",
"741",
"777",
"781",
"731",
"779",
"811",
"766",
"808",
"757",
"783",
"776",
"777",
"769",
"791",
"795",
"764",
"741",
"763",
"813",
"708",
"768",
"771",
"791",
"754",
"770",
"742",
"775",
"812",
"760",
"700",
"796",
"732",
"759",
"712",
"784",
"725",
"734",
"753",
"764",
"740",
"761",
"715",
"762",
"700",
"761",
"749",
"746",
"718",
"725",
"783",
"738",
"724",
"765",
"768",
"750",
"729",
"718",
"792",
"762",
"720",
"714",
"726",
"694",
"747",
"747",
"755",
"743",
"720",
"742",
"713",
"794",
"666",
"767",
"714",
"737",
"744",
"729",
"708",
"776",
"688",
"754",
"714",
"762",
"696",
"700",
"745",
"752",
"673",
"753",
"712",
"768",
"712",
"726",
"721",
"754",
"673",
"721",
"743",
"742",
"713",
"753",
"731",
"715",
"716",
"723",
"720",
"730",
"708",
"724",
"693",
"764",
"698",
"687",
"756",
"781",
"665",
"711",
"743",
"685",
"705",
"663",
"695",
"752",
"665",
"728",
"706",
"742",
"772",
"728",
"680",
"723",
"666",
"715",
"708",
"663",
"731",
"692",
"697",
"719",
"704",
"715",
"754",
"714",
"700",
"686",
"681",
"729",
"687",
"702",
"713",
"694",
"663",
"653",
"748",
"676",
"717",
"737",
"651",
"681",
"661",
"722",
"704",
"715",
"669",
"647",
"684",
"688",
"676",
"683",
"706",
"696",
"638",
"731",
"704",
"711",
"696",
"682",
"754",
"685",
"660",
"683",
"677",
"662",
"662",
"665",
"716",
"699",
"684",
"673",
"657",
"761",
"715",
"663",
"689",
"683",
"665",
"696",
"681",
"706",
"689",
"674",
"685",
"643",
"601",
"627",
"654",
"691",
"662",
"680",
"678",
"710",
"643",
"704",
"675",
"673",
"665",
"638",
"720",
"689",
"609",
"639",
"659",
"694",
"637",
"684",
"695",
"687",
"674",
"606",
"682",
"633",
"654",
"663",
"683",
"705",
"668",
"634",
"662",
"729",
"644",
"672",
"706",
"712",
"656",
"660",
"682",
"690",
"662",
"621",
"721",
"688",
"678",
"688",
"653",
"709",
"670",
"732",
"681",
"691",
"622",
"699",
"673",
"730",
"658",
"716",
"649",
"744",
"664",
"667",
"654",
"680",
"654",
"643",
"683",
"696",
"661",
"662",
"694",
"756",
"671",
"670",
"686",
"756",
"657",
"682",
"692",
"702",
"636",
"636",
"696",
"722",
"652",
"706",
"699",
"725",
"691",
"678",
"668",
"694",
"626",
"700",
"722",
"722",
"671",
"675",
"731",
"732",
"709",
"694",
"666",
"767",
"694",
"648",
"761",
"726",
"676",
"721",
"710",
"699",
"687",
"737",
"672",
"748",
"719",
"719",
"779",
"752",
"770",
"764",
"716",
"796",
"700",
"802",
"772",
"755",
"776",
"746",
"787",
"794",
"780",
"770",
"833",
"827",
"776",
"762",
"867",
"827",
"761",
"827",
"777",
"881",
"825",
"838",
"841",
"799",
"806",
"854",
"857",
"896",
"872",
"883",
"886",
"908",
"885",
"902",
"967",
"948",
"899",
"924",
"994",
"1012",
"918",
"902",
"978",
"1036",
"1039",
"994",
"1141",
"1147",
"1047",
"1111",
"1018",
"1186",
"1127",
"1176",
"1205",
"1242",
"1232",
"1240",
"1312",
"1384",
"1334",
"1470",
"1441",
"1584",
"1490",
"1563",
"1662",
"1815",
"1789",
"1835",
"1832",
"1937",
"1936",
"2018",
"1981",
"2137",
"2153",
"2193",
"2494",
"2452",
"2381",
"2576",
"2689",
"2829",
"2744",
"2901",
"3071",
"3159",
"2969",
"3377",
"3377",
"3468",
"3407",
"3534",
"3783",
"3817",
"3754",
"3959",
"3915",
"4143",
"3939",
"4146",
"4300",
"4334",
"4005",
"4352",
"4346",
"4287",
"4279",
"4159",
"4698",
"4480",
"4327",
"4375",
"4459",
"4406",
"4143",
"4303",
"4377",
"4387",
"4131",
"4040",
"4155",
"4077",
"3904",
"3939",
"3839",
"3889",
"3603",
"3563",
"3621",
"3642",
"3264",
"3342",
"3302",
"3259",
"2982",
"3029",
"2942",
"2783",
"2659",
"2455",
"2680",
"2410",
"2310",
"2220",
"2147",
"2077",
"1924",
"1982",
"1947",
"1893",
"1692",
"1667",
"1646",
"1549",
"1548",
"1433",
"1527",
"1372",
"1267",
"1282",
"1223",
"1216",
"1181",
"1114",
"1151",
"1140",
"1070",
"1119",
"1178",
"1121",
"1072",
"1094",
"1213",
"1172",
"1073",
"1205",
"1195",
"1353",
"1256",
"1305",
"1426",
"1523",
"1542",
"1551",
"1716",
"1776",
"1694",
"1888",
"1936",
"2023",
"2039",
"2121",
"2174",
"2169",
"2246",
"2322",
"2301",
"2205",
"2142",
"2284",
"2237",
"2351",
"2208",
"2074",
"2217",
"2207",
"1929",
"1959",
"1927",
"1839",
"1644",
"1639",
"1563",
"1536",
"1302",
"1288",
"1273",
"1188",
"1090",
"1047",
"1075",
"1008",
"903",
"853",
"740",
"777",
"676",
"647",
"725",
"745",
"625",
"622",
"635",
"600",
"636",
"325133",
"Channel_info_start",
"Channel : Mg",
"Points : 0",
"Range : 0.000000 - 0.000000",
"Step : 0.010000",
"Channel_info_end",
"Channel_info_start",
"Channel : Al",
"Points : 0",
"Range : 0.000000 - 0.000000",
"Step : 0.010000",
"Channel_info_end",
"Channel_info_start",
"Channel : Si",
"Points : 0",
"Range : 0.000000 - 0.000000",
"Step : 0.010000",
"Channel_info_end",
"Channel_info_start",
"Channel : P ",
"Points : 0",
"Range : 0.000000 - 0.000000",
"Step : 0.010000",
"Channel_info_end",
"Channel_info_start",
"Channel : S ",
"Points : 0",
"Range : 0.000000 - 0.000000",
"Step : 0.010000",
"Channel_info_end",
"Channel_info_start",
"Channel : Cl",
"Points : 0",
"Range : 0.000000 - 0.000000",
"Step : 0.010000",
"Channel_info_end",
"Channel_info_start",
"Channel : K ",
"Points : 0",
"Range : 0.000000 - 0.000000",
"Step : 0.010000",
"Channel_info_end",
"Channel_info_start",
"Channel : Ca",
"Points : 0",
"Range : 0.000000 - 0.000000",
"Step : 0.010000",
"Channel_info_end",
"Channel_info_start",
"Channel : Ti",
"Points : 0",
"Range : 0.000000 - 0.000000",
"Step : 0.010000",
"Channel_info_end",
"Channel_info_start",
"Channel : V ",
"Points : 0",
"Range : 0.000000 - 0.000000",
"Step : 0.010000",
"Channel_info_end",
"Channel_info_start",
"Channel : Cr",
"Points : 0",
"Range : 0.000000 - 0.000000",
"Step : 0.010000",
"Channel_info_end",
"Channel_info_start",
"Channel : Mn",
"Points : 0",
"Range : 0.000000 - 0.000000",
"Step : 0.010000",
"Channel_info_end",
"Channel_info_start",
"Channel : Fe",
"Points : 0",
"Range : 0.000000 - 0.000000",
"Step : 0.010000",
"Channel_info_end",
"Channel_info_start",
"Channel : Cu",
"Points : 0",
"Range : 0.000000 - 0.000000",
"Step : 0.010000",
"Channel_info_end",
"Channel_info_start",
"Channel : Zn",
"Points : 0",
"Range : 0.000000 - 0.000000",
"Step : 0.010000",
"Channel_info_end",
"Channel_info_start",
"Channel : Sr",
"Points : 0",
"Range : 0.000000 - 0.000000",
"Step : 0.010000",
"Channel_info_end",
"Channel_info_start",
"Channel : Pb",
"Points : 0",
"Range : 0.000000 - 0.000000",
"Step : 0.010000",
"Channel_info_end",
"",
"Qualitative Result",
"--------------------------------------------------------------------------------",
"Element :  Rh",
"",
"Peak List",
"--------------------------------------------------------------------------------",
"Channel               Line        keV     Net Int.(cps/uA)",
"--------------------------------------------------------------------------------",
"Na                    ----         0.67     0.002",
"                      ----         8.02     0.008",
"                      RhKaC       19.21     0.070",
"                      ----        19.45     0.041",
"                      RhKa        20.05     0.030",
"--------------------------------------------------------------------------------",
"",
"Quantitative Result",
"--------------------------------------------------------------------------------",
"Analyte               Result             Std.Dev. Proc.-Calc. Line Intensity(cps/uA)",
"--------------------------------------------------------------------------------",
"====[No. 1 Layer]====< Layer1               >===============================",
"Layer1                   0.000 ug/cm2    -------- Flux       -------- --------",
